Show,EpId,ClipId,fold
FluencyBank,10,0,0.0
FluencyBank,10,1,4.0
FluencyBank,10,2,10.0
FluencyBank,10,3,14.0
FluencyBank,10,4,16.0
FluencyBank,10,5,15.0
FluencyBank,10,6,11.0
FluencyBank,10,7,19.0
FluencyBank,10,8,3.0
FluencyBank,10,9,3.0
FluencyBank,10,10,13.0
FluencyBank,10,11,11.0
FluencyBank,10,12,11.0
FluencyBank,10,13,4.0
FluencyBank,10,14,5.0
FluencyBank,10,15,3.0
FluencyBank,10,16,9.0
FluencyBank,10,17,17.0
FluencyBank,10,18,10.0
FluencyBank,10,19,10.0
FluencyBank,10,20,6.0
FluencyBank,10,21,19.0
FluencyBank,10,22,18.0
FluencyBank,10,23,12.0
FluencyBank,10,24,17.0
FluencyBank,10,25,19.0
FluencyBank,10,26,17.0
FluencyBank,10,27,7.0
FluencyBank,10,28,0.0
FluencyBank,10,29,6.0
FluencyBank,10,30,1.0
FluencyBank,10,31,2.0
FluencyBank,10,32,10.0
FluencyBank,10,33,5.0
FluencyBank,10,34,18.0
FluencyBank,10,35,17.0
FluencyBank,10,36,18.0
FluencyBank,10,37,11.0
FluencyBank,10,38,19.0
FluencyBank,10,39,11.0
FluencyBank,10,40,4.0
FluencyBank,10,41,4.0
FluencyBank,10,42,17.0
FluencyBank,10,43,4.0
FluencyBank,10,44,3.0
FluencyBank,10,45,17.0
FluencyBank,10,46,15.0
FluencyBank,10,47,10.0
FluencyBank,10,48,14.0
FluencyBank,10,49,11.0
FluencyBank,10,50,2.0
FluencyBank,10,51,4.0
FluencyBank,10,52,4.0
FluencyBank,10,53,5.0
FluencyBank,10,54,0.0
FluencyBank,10,55,17.0
FluencyBank,10,56,14.0
FluencyBank,10,57,6.0
FluencyBank,10,58,19.0
FluencyBank,10,59,13.0
FluencyBank,10,60,16.0
FluencyBank,10,61,0.0
FluencyBank,10,62,15.0
FluencyBank,10,63,10.0
FluencyBank,10,64,6.0
FluencyBank,10,65,9.0
FluencyBank,10,66,16.0
FluencyBank,10,67,16.0
FluencyBank,10,68,14.0
FluencyBank,10,69,19.0
FluencyBank,10,70,4.0
FluencyBank,10,71,13.0
FluencyBank,10,72,19.0
FluencyBank,10,73,8.0
FluencyBank,10,74,14.0
FluencyBank,10,75,3.0
FluencyBank,10,76,5.0
FluencyBank,10,77,11.0
FluencyBank,10,78,4.0
FluencyBank,10,79,5.0
FluencyBank,10,80,15.0
FluencyBank,10,81,5.0
FluencyBank,10,82,0.0
FluencyBank,10,83,14.0
FluencyBank,10,84,14.0
FluencyBank,10,85,10.0
FluencyBank,10,86,8.0
FluencyBank,10,87,3.0
FluencyBank,10,88,17.0
FluencyBank,10,89,18.0
FluencyBank,10,90,3.0
FluencyBank,10,91,11.0
FluencyBank,10,92,18.0
FluencyBank,10,93,5.0
FluencyBank,10,94,4.0
FluencyBank,10,95,11.0
FluencyBank,10,96,19.0
FluencyBank,10,97,19.0
FluencyBank,10,98,5.0
FluencyBank,10,99,10.0
FluencyBank,16,0,1.0
FluencyBank,16,1,11.0
FluencyBank,16,2,6.0
FluencyBank,16,3,15.0
FluencyBank,16,4,7.0
FluencyBank,16,5,1.0
FluencyBank,16,6,13.0
FluencyBank,16,7,6.0
FluencyBank,16,8,0.0
FluencyBank,16,9,18.0
FluencyBank,16,10,10.0
FluencyBank,16,11,3.0
FluencyBank,16,12,6.0
FluencyBank,16,13,13.0
FluencyBank,16,14,1.0
FluencyBank,16,15,7.0
FluencyBank,16,16,4.0
FluencyBank,16,17,12.0
FluencyBank,16,18,19.0
FluencyBank,16,19,19.0
FluencyBank,16,20,12.0
FluencyBank,16,21,17.0
FluencyBank,16,22,9.0
FluencyBank,16,23,3.0
FluencyBank,16,24,17.0
FluencyBank,16,25,11.0
FluencyBank,16,26,19.0
FluencyBank,16,27,14.0
FluencyBank,16,28,15.0
FluencyBank,16,29,14.0
FluencyBank,16,30,8.0
FluencyBank,16,31,19.0
FluencyBank,16,32,12.0
FluencyBank,16,33,0.0
FluencyBank,16,34,19.0
FluencyBank,16,35,2.0
FluencyBank,16,36,16.0
FluencyBank,16,37,11.0
FluencyBank,16,38,15.0
FluencyBank,16,39,12.0
FluencyBank,16,40,12.0
FluencyBank,16,41,12.0
FluencyBank,16,42,1.0
FluencyBank,16,43,10.0
FluencyBank,16,44,1.0
FluencyBank,16,45,1.0
FluencyBank,16,46,11.0
FluencyBank,16,47,18.0
FluencyBank,16,48,15.0
FluencyBank,16,49,6.0
FluencyBank,16,50,12.0
FluencyBank,16,51,15.0
FluencyBank,16,52,2.0
FluencyBank,16,53,6.0
FluencyBank,16,54,9.0
FluencyBank,16,55,11.0
FluencyBank,16,56,3.0
FluencyBank,16,57,11.0
FluencyBank,16,58,1.0
FluencyBank,16,59,17.0
FluencyBank,16,60,19.0
FluencyBank,16,61,9.0
FluencyBank,16,62,0.0
FluencyBank,16,63,3.0
FluencyBank,16,64,15.0
FluencyBank,16,65,10.0
FluencyBank,16,66,11.0
FluencyBank,16,67,19.0
FluencyBank,16,68,2.0
FluencyBank,16,69,0.0
FluencyBank,16,70,16.0
FluencyBank,16,71,4.0
FluencyBank,16,72,3.0
FluencyBank,16,73,16.0
FluencyBank,16,74,13.0
FluencyBank,16,75,14.0
FluencyBank,16,76,8.0
FluencyBank,16,77,9.0
FluencyBank,16,78,17.0
FluencyBank,16,79,17.0
FluencyBank,16,80,2.0
FluencyBank,16,81,14.0
FluencyBank,16,82,6.0
FluencyBank,16,83,14.0
FluencyBank,16,84,0.0
FluencyBank,16,85,19.0
FluencyBank,16,86,16.0
FluencyBank,16,87,12.0
FluencyBank,16,88,18.0
FluencyBank,16,89,13.0
FluencyBank,16,90,1.0
FluencyBank,16,91,6.0
FluencyBank,16,92,5.0
FluencyBank,16,93,16.0
FluencyBank,16,94,5.0
FluencyBank,16,95,11.0
FluencyBank,16,96,17.0
FluencyBank,16,97,5.0
FluencyBank,16,98,13.0
FluencyBank,16,99,16.0
FluencyBank,16,100,12.0
FluencyBank,16,101,9.0
FluencyBank,16,102,11.0
FluencyBank,16,103,9.0
FluencyBank,16,104,16.0
FluencyBank,16,105,19.0
FluencyBank,16,106,9.0
FluencyBank,16,107,16.0
FluencyBank,16,108,11.0
FluencyBank,16,111,4.0
FluencyBank,16,112,10.0
FluencyBank,16,113,14.0
FluencyBank,16,114,6.0
FluencyBank,17,1,18.0
FluencyBank,17,2,16.0
FluencyBank,17,3,6.0
FluencyBank,17,4,4.0
FluencyBank,17,5,1.0
FluencyBank,17,6,5.0
FluencyBank,17,7,5.0
FluencyBank,17,8,5.0
FluencyBank,17,9,16.0
FluencyBank,17,10,18.0
FluencyBank,17,11,12.0
FluencyBank,17,12,1.0
FluencyBank,17,13,2.0
FluencyBank,17,14,6.0
FluencyBank,17,15,7.0
FluencyBank,17,16,9.0
FluencyBank,17,17,7.0
FluencyBank,17,18,13.0
FluencyBank,17,19,11.0
FluencyBank,17,20,3.0
FluencyBank,17,21,15.0
FluencyBank,17,22,16.0
FluencyBank,17,23,5.0
FluencyBank,17,24,1.0
FluencyBank,17,25,7.0
FluencyBank,17,26,19.0
FluencyBank,17,27,17.0
FluencyBank,17,28,18.0
FluencyBank,17,29,2.0
FluencyBank,17,30,6.0
FluencyBank,17,31,8.0
FluencyBank,17,32,2.0
FluencyBank,17,33,5.0
FluencyBank,17,34,18.0
FluencyBank,17,35,2.0
FluencyBank,17,36,0.0
FluencyBank,17,37,4.0
FluencyBank,17,38,18.0
FluencyBank,17,39,3.0
FluencyBank,17,40,6.0
FluencyBank,17,41,12.0
FluencyBank,17,42,16.0
FluencyBank,17,43,19.0
FluencyBank,17,44,2.0
FluencyBank,17,45,12.0
FluencyBank,17,46,1.0
FluencyBank,17,47,5.0
FluencyBank,17,48,4.0
FluencyBank,17,49,12.0
FluencyBank,17,50,9.0
FluencyBank,17,51,14.0
FluencyBank,17,52,16.0
FluencyBank,17,53,6.0
FluencyBank,17,54,17.0
FluencyBank,17,55,17.0
FluencyBank,17,56,10.0
FluencyBank,17,57,0.0
FluencyBank,17,58,14.0
FluencyBank,17,59,16.0
FluencyBank,17,60,7.0
FluencyBank,17,61,11.0
FluencyBank,17,62,14.0
FluencyBank,17,63,12.0
FluencyBank,17,64,6.0
FluencyBank,17,65,12.0
FluencyBank,19,1,14.0
FluencyBank,19,2,10.0
FluencyBank,19,3,16.0
FluencyBank,19,4,10.0
FluencyBank,19,5,11.0
FluencyBank,19,6,12.0
FluencyBank,19,7,4.0
FluencyBank,19,8,16.0
FluencyBank,19,9,15.0
FluencyBank,19,10,12.0
FluencyBank,19,11,18.0
FluencyBank,19,12,19.0
FluencyBank,19,13,17.0
FluencyBank,19,14,7.0
FluencyBank,19,15,18.0
FluencyBank,19,16,11.0
FluencyBank,19,17,5.0
FluencyBank,19,18,16.0
FluencyBank,19,19,19.0
FluencyBank,19,20,19.0
FluencyBank,19,21,10.0
FluencyBank,19,22,6.0
FluencyBank,19,23,3.0
FluencyBank,19,24,1.0
FluencyBank,19,25,2.0
FluencyBank,19,26,0.0
FluencyBank,19,27,11.0
FluencyBank,19,28,15.0
FluencyBank,19,29,4.0
FluencyBank,19,30,2.0
FluencyBank,19,31,12.0
FluencyBank,19,32,15.0
FluencyBank,19,33,17.0
FluencyBank,19,34,9.0
FluencyBank,19,35,3.0
FluencyBank,19,36,2.0
FluencyBank,19,37,18.0
FluencyBank,19,38,18.0
FluencyBank,19,39,10.0
FluencyBank,19,40,19.0
FluencyBank,19,41,6.0
FluencyBank,19,42,7.0
FluencyBank,19,43,7.0
FluencyBank,19,44,18.0
FluencyBank,19,45,14.0
FluencyBank,19,46,16.0
FluencyBank,19,47,9.0
FluencyBank,19,48,19.0
FluencyBank,19,49,13.0
FluencyBank,19,50,18.0
FluencyBank,19,51,13.0
FluencyBank,19,52,3.0
FluencyBank,19,53,19.0
FluencyBank,19,54,11.0
FluencyBank,19,55,17.0
FluencyBank,19,56,18.0
FluencyBank,19,57,10.0
FluencyBank,19,58,19.0
FluencyBank,19,59,17.0
FluencyBank,19,60,10.0
FluencyBank,19,61,3.0
FluencyBank,19,62,10.0
FluencyBank,19,63,0.0
FluencyBank,19,64,2.0
FluencyBank,19,65,5.0
FluencyBank,19,66,11.0
FluencyBank,19,67,8.0
FluencyBank,19,68,12.0
FluencyBank,19,69,17.0
FluencyBank,19,70,4.0
FluencyBank,19,71,7.0
FluencyBank,19,72,17.0
FluencyBank,19,73,3.0
FluencyBank,19,74,11.0
FluencyBank,19,75,16.0
FluencyBank,19,76,17.0
FluencyBank,19,77,13.0
FluencyBank,19,78,2.0
FluencyBank,19,79,12.0
FluencyBank,19,80,7.0
FluencyBank,19,81,10.0
FluencyBank,19,82,1.0
FluencyBank,19,83,4.0
FluencyBank,19,84,5.0
FluencyBank,19,85,15.0
FluencyBank,19,86,19.0
FluencyBank,19,87,0.0
FluencyBank,19,88,13.0
FluencyBank,24,1,17.0
FluencyBank,24,2,18.0
FluencyBank,24,3,9.0
FluencyBank,24,4,13.0
FluencyBank,24,5,11.0
FluencyBank,24,6,7.0
FluencyBank,24,7,10.0
FluencyBank,24,8,14.0
FluencyBank,24,9,4.0
FluencyBank,24,10,9.0
FluencyBank,24,11,14.0
FluencyBank,24,12,11.0
FluencyBank,24,13,3.0
FluencyBank,24,14,2.0
FluencyBank,24,15,18.0
FluencyBank,24,16,7.0
FluencyBank,24,17,19.0
FluencyBank,24,18,7.0
FluencyBank,24,19,6.0
FluencyBank,24,20,19.0
FluencyBank,24,21,17.0
FluencyBank,24,22,5.0
FluencyBank,24,23,17.0
FluencyBank,24,24,5.0
FluencyBank,24,25,16.0
FluencyBank,24,26,2.0
FluencyBank,24,27,19.0
FluencyBank,24,28,6.0
FluencyBank,24,29,14.0
FluencyBank,24,30,0.0
FluencyBank,24,31,10.0
FluencyBank,24,32,6.0
FluencyBank,24,33,10.0
FluencyBank,24,34,16.0
FluencyBank,24,35,4.0
FluencyBank,24,36,10.0
FluencyBank,24,37,11.0
FluencyBank,24,38,8.0
FluencyBank,24,39,3.0
FluencyBank,24,40,2.0
FluencyBank,24,41,6.0
FluencyBank,24,42,10.0
FluencyBank,24,43,9.0
FluencyBank,24,44,2.0
FluencyBank,24,45,2.0
FluencyBank,24,46,2.0
FluencyBank,24,47,2.0
FluencyBank,24,48,10.0
FluencyBank,24,49,6.0
FluencyBank,24,50,7.0
FluencyBank,24,51,14.0
FluencyBank,24,52,8.0
FluencyBank,24,53,5.0
FluencyBank,24,54,5.0
FluencyBank,24,55,5.0
FluencyBank,24,56,8.0
FluencyBank,24,57,18.0
FluencyBank,24,58,5.0
FluencyBank,24,59,6.0
FluencyBank,24,60,19.0
FluencyBank,24,61,8.0
FluencyBank,24,62,2.0
FluencyBank,24,63,9.0
FluencyBank,24,64,7.0
FluencyBank,24,65,11.0
FluencyBank,24,66,0.0
FluencyBank,24,67,14.0
FluencyBank,24,68,2.0
FluencyBank,24,69,4.0
FluencyBank,24,70,14.0
FluencyBank,24,71,4.0
FluencyBank,24,72,13.0
FluencyBank,24,73,9.0
FluencyBank,24,74,5.0
FluencyBank,24,75,4.0
FluencyBank,24,76,4.0
FluencyBank,24,77,5.0
FluencyBank,24,78,12.0
FluencyBank,24,79,12.0
FluencyBank,24,80,0.0
FluencyBank,24,81,0.0
FluencyBank,24,82,14.0
FluencyBank,24,83,12.0
FluencyBank,24,84,2.0
FluencyBank,24,85,14.0
FluencyBank,24,86,15.0
FluencyBank,24,87,3.0
FluencyBank,24,88,14.0
FluencyBank,24,89,0.0
FluencyBank,24,90,1.0
FluencyBank,24,91,0.0
FluencyBank,24,92,13.0
FluencyBank,24,93,3.0
FluencyBank,24,94,12.0
FluencyBank,24,95,6.0
FluencyBank,24,96,6.0
FluencyBank,24,97,10.0
FluencyBank,24,98,0.0
FluencyBank,24,99,13.0
FluencyBank,24,100,14.0
FluencyBank,24,101,0.0
FluencyBank,24,102,2.0
FluencyBank,24,103,5.0
FluencyBank,24,104,16.0
FluencyBank,24,105,18.0
FluencyBank,24,106,13.0
FluencyBank,24,107,1.0
FluencyBank,24,108,18.0
FluencyBank,24,109,12.0
FluencyBank,24,110,1.0
FluencyBank,24,111,6.0
FluencyBank,24,112,7.0
FluencyBank,24,113,13.0
FluencyBank,24,114,17.0
FluencyBank,24,115,11.0
FluencyBank,24,116,5.0
FluencyBank,24,117,10.0
FluencyBank,24,118,0.0
FluencyBank,24,119,3.0
FluencyBank,24,120,13.0
FluencyBank,24,121,8.0
FluencyBank,24,122,7.0
FluencyBank,24,123,14.0
FluencyBank,24,124,5.0
FluencyBank,24,125,6.0
FluencyBank,24,126,14.0
FluencyBank,24,127,18.0
FluencyBank,24,128,15.0
FluencyBank,24,129,8.0
FluencyBank,24,130,0.0
FluencyBank,24,131,0.0
FluencyBank,24,132,8.0
FluencyBank,24,133,5.0
FluencyBank,24,134,1.0
FluencyBank,24,135,7.0
FluencyBank,24,136,0.0
FluencyBank,24,137,15.0
FluencyBank,24,138,3.0
FluencyBank,24,139,4.0
FluencyBank,24,140,0.0
FluencyBank,24,141,3.0
FluencyBank,24,142,17.0
FluencyBank,24,143,16.0
FluencyBank,24,144,17.0
FluencyBank,24,145,16.0
FluencyBank,24,146,16.0
FluencyBank,24,147,8.0
FluencyBank,24,148,9.0
FluencyBank,24,149,19.0
FluencyBank,24,150,0.0
FluencyBank,24,151,15.0
FluencyBank,24,152,0.0
FluencyBank,24,153,6.0
FluencyBank,24,154,6.0
FluencyBank,24,155,16.0
FluencyBank,24,156,19.0
FluencyBank,24,157,16.0
FluencyBank,24,158,4.0
FluencyBank,24,159,0.0
FluencyBank,24,160,18.0
FluencyBank,24,161,15.0
FluencyBank,24,162,0.0
FluencyBank,24,163,2.0
FluencyBank,24,164,17.0
FluencyBank,24,165,7.0
FluencyBank,24,166,12.0
FluencyBank,24,167,13.0
FluencyBank,24,168,12.0
FluencyBank,24,169,7.0
FluencyBank,24,170,14.0
FluencyBank,24,171,2.0
FluencyBank,24,172,6.0
FluencyBank,24,173,2.0
FluencyBank,24,174,19.0
FluencyBank,24,175,13.0
FluencyBank,24,176,4.0
FluencyBank,24,177,8.0
FluencyBank,24,178,14.0
FluencyBank,24,179,4.0
FluencyBank,24,180,8.0
FluencyBank,24,181,8.0
FluencyBank,24,182,17.0
FluencyBank,24,183,9.0
FluencyBank,24,184,1.0
FluencyBank,24,185,1.0
FluencyBank,24,186,17.0
FluencyBank,24,187,5.0
FluencyBank,24,188,9.0
FluencyBank,24,189,5.0
FluencyBank,24,190,6.0
FluencyBank,24,191,12.0
FluencyBank,24,192,5.0
FluencyBank,24,193,11.0
FluencyBank,24,194,19.0
FluencyBank,24,195,19.0
FluencyBank,24,196,8.0
FluencyBank,31,0,9.0
FluencyBank,31,1,5.0
FluencyBank,31,2,19.0
FluencyBank,31,3,9.0
FluencyBank,31,4,9.0
FluencyBank,31,5,8.0
FluencyBank,31,6,8.0
FluencyBank,31,7,11.0
FluencyBank,31,8,4.0
FluencyBank,31,9,16.0
FluencyBank,31,10,8.0
FluencyBank,31,11,5.0
FluencyBank,31,12,7.0
FluencyBank,31,13,1.0
FluencyBank,31,14,10.0
FluencyBank,31,15,7.0
FluencyBank,31,16,11.0
FluencyBank,31,17,16.0
FluencyBank,31,18,3.0
FluencyBank,31,19,3.0
FluencyBank,31,20,14.0
FluencyBank,31,21,4.0
FluencyBank,31,22,12.0
FluencyBank,31,23,1.0
FluencyBank,31,24,4.0
FluencyBank,31,25,17.0
FluencyBank,31,26,14.0
FluencyBank,31,27,12.0
FluencyBank,31,28,5.0
FluencyBank,31,29,11.0
FluencyBank,31,30,3.0
FluencyBank,31,31,16.0
FluencyBank,31,32,13.0
FluencyBank,31,33,17.0
FluencyBank,31,34,9.0
FluencyBank,31,35,2.0
FluencyBank,31,36,15.0
FluencyBank,31,37,14.0
FluencyBank,31,38,3.0
FluencyBank,31,39,18.0
FluencyBank,31,40,2.0
FluencyBank,31,41,17.0
FluencyBank,31,42,12.0
FluencyBank,31,43,3.0
FluencyBank,31,44,17.0
FluencyBank,31,45,5.0
FluencyBank,31,46,3.0
FluencyBank,31,47,19.0
FluencyBank,31,48,2.0
FluencyBank,31,49,16.0
FluencyBank,31,50,5.0
FluencyBank,31,51,10.0
FluencyBank,31,52,7.0
FluencyBank,31,53,5.0
FluencyBank,31,54,1.0
FluencyBank,31,55,2.0
FluencyBank,31,56,0.0
FluencyBank,31,57,19.0
FluencyBank,31,58,17.0
FluencyBank,31,59,3.0
FluencyBank,31,60,9.0
FluencyBank,31,61,4.0
FluencyBank,31,62,0.0
FluencyBank,31,63,18.0
FluencyBank,31,64,2.0
FluencyBank,31,65,1.0
FluencyBank,31,66,3.0
FluencyBank,31,67,5.0
FluencyBank,31,68,1.0
FluencyBank,31,69,3.0
FluencyBank,31,70,5.0
FluencyBank,31,71,1.0
FluencyBank,31,72,7.0
FluencyBank,31,73,11.0
FluencyBank,31,74,14.0
FluencyBank,31,75,13.0
FluencyBank,31,76,13.0
FluencyBank,31,77,8.0
FluencyBank,31,78,3.0
FluencyBank,31,79,16.0
FluencyBank,31,80,11.0
FluencyBank,31,81,11.0
FluencyBank,46,1,14.0
FluencyBank,46,2,14.0
FluencyBank,46,3,13.0
FluencyBank,46,4,16.0
FluencyBank,46,5,13.0
FluencyBank,46,6,18.0
FluencyBank,46,7,2.0
FluencyBank,46,8,10.0
FluencyBank,46,9,3.0
FluencyBank,46,10,17.0
FluencyBank,46,11,12.0
FluencyBank,46,12,1.0
FluencyBank,46,13,11.0
FluencyBank,46,14,4.0
FluencyBank,46,15,16.0
FluencyBank,46,16,3.0
FluencyBank,46,17,13.0
FluencyBank,46,18,3.0
FluencyBank,46,19,1.0
FluencyBank,46,20,0.0
FluencyBank,46,21,19.0
FluencyBank,46,22,15.0
FluencyBank,46,23,5.0
FluencyBank,46,24,1.0
FluencyBank,46,25,9.0
FluencyBank,46,26,10.0
FluencyBank,46,27,19.0
FluencyBank,46,28,7.0
FluencyBank,46,29,1.0
FluencyBank,46,30,11.0
FluencyBank,46,31,2.0
FluencyBank,46,32,9.0
FluencyBank,46,33,9.0
FluencyBank,46,34,5.0
FluencyBank,46,35,1.0
FluencyBank,46,36,4.0
FluencyBank,46,37,8.0
FluencyBank,46,38,9.0
FluencyBank,46,39,3.0
FluencyBank,46,40,7.0
FluencyBank,46,41,7.0
FluencyBank,46,42,11.0
FluencyBank,46,43,3.0
FluencyBank,46,44,18.0
FluencyBank,46,45,16.0
FluencyBank,46,46,4.0
FluencyBank,46,47,4.0
FluencyBank,46,48,10.0
FluencyBank,46,49,5.0
FluencyBank,46,50,2.0
FluencyBank,46,51,0.0
FluencyBank,46,52,8.0
FluencyBank,46,53,2.0
FluencyBank,46,54,13.0
FluencyBank,46,55,7.0
FluencyBank,46,56,8.0
FluencyBank,46,57,3.0
FluencyBank,46,58,6.0
FluencyBank,46,59,10.0
FluencyBank,46,60,1.0
FluencyBank,46,61,13.0
FluencyBank,46,62,8.0
FluencyBank,46,63,10.0
FluencyBank,46,64,6.0
FluencyBank,46,65,7.0
FluencyBank,46,66,3.0
FluencyBank,46,67,17.0
FluencyBank,46,68,0.0
FluencyBank,46,69,12.0
FluencyBank,46,70,4.0
FluencyBank,46,71,7.0
FluencyBank,46,72,18.0
FluencyBank,46,73,3.0
FluencyBank,46,74,0.0
FluencyBank,46,75,7.0
FluencyBank,46,76,11.0
FluencyBank,46,77,15.0
FluencyBank,46,78,13.0
FluencyBank,46,79,3.0
FluencyBank,46,80,1.0
FluencyBank,46,81,16.0
FluencyBank,46,82,10.0
FluencyBank,46,83,11.0
FluencyBank,46,84,9.0
FluencyBank,46,85,5.0
FluencyBank,46,86,19.0
FluencyBank,46,87,9.0
FluencyBank,46,88,12.0
FluencyBank,46,89,13.0
FluencyBank,46,90,12.0
FluencyBank,46,91,11.0
FluencyBank,46,92,10.0
FluencyBank,46,93,15.0
FluencyBank,46,94,10.0
FluencyBank,46,95,1.0
FluencyBank,46,96,9.0
FluencyBank,46,97,1.0
FluencyBank,46,98,6.0
FluencyBank,46,99,4.0
FluencyBank,46,100,9.0
FluencyBank,46,101,4.0
FluencyBank,46,102,13.0
FluencyBank,46,103,1.0
FluencyBank,46,104,16.0
FluencyBank,46,105,6.0
FluencyBank,46,106,8.0
FluencyBank,46,107,17.0
FluencyBank,46,108,12.0
FluencyBank,46,109,11.0
FluencyBank,46,110,19.0
FluencyBank,46,111,11.0
FluencyBank,46,112,15.0
FluencyBank,46,113,13.0
FluencyBank,46,114,15.0
FluencyBank,46,115,7.0
FluencyBank,46,116,11.0
FluencyBank,46,117,15.0
FluencyBank,46,118,13.0
FluencyBank,46,119,17.0
FluencyBank,46,120,13.0
FluencyBank,46,121,6.0
FluencyBank,46,122,5.0
FluencyBank,46,123,17.0
FluencyBank,46,124,15.0
FluencyBank,46,125,6.0
FluencyBank,46,126,18.0
FluencyBank,63,0,18.0
FluencyBank,63,1,10.0
FluencyBank,63,2,8.0
FluencyBank,63,3,8.0
FluencyBank,63,4,14.0
FluencyBank,63,6,2.0
FluencyBank,63,7,5.0
FluencyBank,63,8,6.0
FluencyBank,63,9,6.0
FluencyBank,63,10,3.0
FluencyBank,63,11,3.0
FluencyBank,63,12,19.0
FluencyBank,63,13,12.0
FluencyBank,63,14,10.0
FluencyBank,63,15,9.0
FluencyBank,63,16,10.0
FluencyBank,63,17,18.0
FluencyBank,63,18,19.0
FluencyBank,63,19,14.0
FluencyBank,63,20,8.0
FluencyBank,63,21,4.0
FluencyBank,63,22,19.0
FluencyBank,63,23,2.0
FluencyBank,63,24,5.0
FluencyBank,63,25,1.0
FluencyBank,63,26,11.0
FluencyBank,63,27,7.0
FluencyBank,63,28,6.0
FluencyBank,63,29,16.0
FluencyBank,63,30,2.0
FluencyBank,63,31,6.0
FluencyBank,63,32,12.0
FluencyBank,63,33,0.0
FluencyBank,63,34,12.0
FluencyBank,63,35,6.0
FluencyBank,63,36,3.0
FluencyBank,63,37,5.0
FluencyBank,63,38,3.0
FluencyBank,63,39,9.0
FluencyBank,63,40,2.0
FluencyBank,63,41,15.0
FluencyBank,63,42,5.0
FluencyBank,63,43,10.0
FluencyBank,63,44,2.0
FluencyBank,63,45,1.0
FluencyBank,63,46,14.0
FluencyBank,63,47,10.0
FluencyBank,63,48,18.0
FluencyBank,63,49,11.0
FluencyBank,63,50,14.0
FluencyBank,63,51,10.0
FluencyBank,63,52,8.0
FluencyBank,63,53,13.0
FluencyBank,63,54,5.0
FluencyBank,63,55,8.0
FluencyBank,63,56,0.0
FluencyBank,63,57,1.0
FluencyBank,63,58,3.0
FluencyBank,63,59,17.0
FluencyBank,63,60,1.0
FluencyBank,63,61,3.0
FluencyBank,63,62,17.0
FluencyBank,63,63,7.0
FluencyBank,63,64,16.0
FluencyBank,63,65,19.0
FluencyBank,63,66,0.0
FluencyBank,63,67,17.0
FluencyBank,63,68,5.0
FluencyBank,63,69,14.0
FluencyBank,63,70,3.0
FluencyBank,63,71,16.0
FluencyBank,63,72,5.0
FluencyBank,63,73,18.0
FluencyBank,63,74,11.0
FluencyBank,63,75,13.0
FluencyBank,63,76,4.0
FluencyBank,63,77,8.0
FluencyBank,63,78,17.0
FluencyBank,63,79,1.0
FluencyBank,63,80,18.0
FluencyBank,63,81,2.0
FluencyBank,63,82,14.0
FluencyBank,63,83,18.0
FluencyBank,63,84,7.0
FluencyBank,63,85,17.0
FluencyBank,63,86,2.0
FluencyBank,63,87,19.0
FluencyBank,63,88,6.0
FluencyBank,63,89,2.0
FluencyBank,63,90,16.0
FluencyBank,63,91,12.0
FluencyBank,63,92,13.0
FluencyBank,63,93,15.0
FluencyBank,63,94,5.0
FluencyBank,63,95,5.0
FluencyBank,63,96,8.0
FluencyBank,63,97,16.0
FluencyBank,63,98,19.0
FluencyBank,63,99,5.0
FluencyBank,63,100,4.0
FluencyBank,63,101,0.0
FluencyBank,63,102,16.0
FluencyBank,63,103,18.0
FluencyBank,63,104,3.0
FluencyBank,63,105,1.0
FluencyBank,63,106,3.0
FluencyBank,63,107,9.0
FluencyBank,63,108,8.0
FluencyBank,63,109,4.0
FluencyBank,63,110,12.0
FluencyBank,63,111,5.0
FluencyBank,63,112,14.0
FluencyBank,63,113,10.0
FluencyBank,63,114,12.0
FluencyBank,63,115,1.0
FluencyBank,63,116,18.0
FluencyBank,63,117,5.0
FluencyBank,63,118,12.0
FluencyBank,63,119,15.0
FluencyBank,63,120,2.0
FluencyBank,63,121,14.0
FluencyBank,63,122,19.0
FluencyBank,63,123,19.0
FluencyBank,63,124,16.0
FluencyBank,63,125,14.0
FluencyBank,63,126,11.0
FluencyBank,63,127,12.0
FluencyBank,63,128,9.0
FluencyBank,63,129,9.0
FluencyBank,63,130,6.0
FluencyBank,63,131,13.0
FluencyBank,63,132,15.0
FluencyBank,63,133,15.0
FluencyBank,63,134,18.0
FluencyBank,63,135,10.0
FluencyBank,63,136,1.0
FluencyBank,63,137,16.0
FluencyBank,63,138,16.0
FluencyBank,63,139,6.0
FluencyBank,63,140,13.0
FluencyBank,63,141,19.0
FluencyBank,63,142,3.0
FluencyBank,63,143,8.0
FluencyBank,63,144,5.0
FluencyBank,63,145,16.0
FluencyBank,63,146,16.0
FluencyBank,63,147,3.0
FluencyBank,63,148,4.0
FluencyBank,63,149,4.0
FluencyBank,63,150,0.0
FluencyBank,63,151,2.0
FluencyBank,63,152,13.0
FluencyBank,63,153,6.0
FluencyBank,63,154,9.0
FluencyBank,63,155,9.0
FluencyBank,63,156,9.0
FluencyBank,63,157,13.0
FluencyBank,63,158,12.0
FluencyBank,63,159,14.0
FluencyBank,63,160,8.0
FluencyBank,63,161,17.0
FluencyBank,63,162,13.0
FluencyBank,63,163,10.0
FluencyBank,63,164,15.0
FluencyBank,63,165,14.0
FluencyBank,63,166,1.0
FluencyBank,63,167,0.0
FluencyBank,63,168,2.0
FluencyBank,63,169,18.0
FluencyBank,63,170,7.0
FluencyBank,63,171,15.0
FluencyBank,63,172,15.0
FluencyBank,63,173,1.0
FluencyBank,63,174,0.0
FluencyBank,71,0,3.0
FluencyBank,71,1,13.0
FluencyBank,71,2,15.0
FluencyBank,71,3,14.0
FluencyBank,71,4,5.0
FluencyBank,71,5,19.0
FluencyBank,71,6,17.0
FluencyBank,71,7,17.0
FluencyBank,71,8,14.0
FluencyBank,71,9,19.0
FluencyBank,71,10,8.0
FluencyBank,71,11,18.0
FluencyBank,71,12,4.0
FluencyBank,71,13,15.0
FluencyBank,71,14,11.0
FluencyBank,71,15,1.0
FluencyBank,71,16,15.0
FluencyBank,71,17,18.0
FluencyBank,71,18,19.0
FluencyBank,71,19,13.0
FluencyBank,71,20,1.0
FluencyBank,71,21,0.0
FluencyBank,71,22,8.0
FluencyBank,71,23,9.0
FluencyBank,71,24,1.0
FluencyBank,71,25,9.0
FluencyBank,71,26,18.0
FluencyBank,71,27,5.0
FluencyBank,71,28,7.0
FluencyBank,71,29,7.0
FluencyBank,71,30,3.0
FluencyBank,71,31,2.0
FluencyBank,71,32,5.0
FluencyBank,71,33,12.0
FluencyBank,71,34,5.0
FluencyBank,71,35,12.0
FluencyBank,71,36,4.0
FluencyBank,71,37,8.0
FluencyBank,71,38,17.0
FluencyBank,71,39,14.0
FluencyBank,71,40,3.0
FluencyBank,71,41,19.0
FluencyBank,71,42,0.0
FluencyBank,71,43,1.0
FluencyBank,71,44,5.0
FluencyBank,71,45,1.0
FluencyBank,71,46,1.0
FluencyBank,71,47,2.0
FluencyBank,71,48,3.0
FluencyBank,71,49,10.0
FluencyBank,71,50,13.0
FluencyBank,71,51,13.0
FluencyBank,71,52,4.0
FluencyBank,71,53,8.0
FluencyBank,71,54,18.0
FluencyBank,71,55,14.0
FluencyBank,71,56,18.0
FluencyBank,71,57,11.0
FluencyBank,71,58,8.0
FluencyBank,71,59,18.0
FluencyBank,71,60,19.0
FluencyBank,71,61,4.0
FluencyBank,71,62,13.0
FluencyBank,71,63,4.0
FluencyBank,71,64,10.0
FluencyBank,71,65,11.0
FluencyBank,71,66,1.0
FluencyBank,71,67,15.0
FluencyBank,71,68,2.0
FluencyBank,71,69,17.0
FluencyBank,71,70,4.0
FluencyBank,71,71,7.0
FluencyBank,71,72,18.0
FluencyBank,71,73,16.0
FluencyBank,71,74,8.0
FluencyBank,71,75,6.0
FluencyBank,71,76,4.0
FluencyBank,71,77,6.0
FluencyBank,71,78,6.0
FluencyBank,71,79,14.0
FluencyBank,71,80,6.0
FluencyBank,71,81,18.0
FluencyBank,71,82,5.0
FluencyBank,71,83,0.0
FluencyBank,71,84,9.0
FluencyBank,71,85,2.0
FluencyBank,71,86,19.0
FluencyBank,71,87,4.0
FluencyBank,71,88,19.0
FluencyBank,71,89,5.0
FluencyBank,71,90,17.0
FluencyBank,71,91,6.0
FluencyBank,71,92,17.0
FluencyBank,71,93,5.0
FluencyBank,71,94,15.0
FluencyBank,71,95,4.0
FluencyBank,71,96,3.0
FluencyBank,71,97,2.0
FluencyBank,71,98,8.0
FluencyBank,71,99,12.0
FluencyBank,71,100,19.0
FluencyBank,71,101,2.0
FluencyBank,71,102,9.0
FluencyBank,71,103,4.0
FluencyBank,71,104,10.0
FluencyBank,71,105,3.0
FluencyBank,71,106,3.0
FluencyBank,71,107,7.0
FluencyBank,71,108,8.0
FluencyBank,71,109,12.0
FluencyBank,71,110,10.0
FluencyBank,71,111,13.0
FluencyBank,71,112,15.0
FluencyBank,71,113,13.0
FluencyBank,71,114,12.0
FluencyBank,71,115,14.0
FluencyBank,71,116,19.0
FluencyBank,71,118,4.0
FluencyBank,71,119,7.0
FluencyBank,71,120,14.0
FluencyBank,76,0,0.0
FluencyBank,76,1,1.0
FluencyBank,76,2,1.0
FluencyBank,76,3,3.0
FluencyBank,76,4,13.0
FluencyBank,76,5,1.0
FluencyBank,76,6,1.0
FluencyBank,76,7,12.0
FluencyBank,76,8,6.0
FluencyBank,76,9,13.0
FluencyBank,76,10,7.0
FluencyBank,76,11,14.0
FluencyBank,76,12,0.0
FluencyBank,76,13,11.0
FluencyBank,76,14,7.0
FluencyBank,76,15,15.0
FluencyBank,76,16,6.0
FluencyBank,76,17,5.0
FluencyBank,76,18,5.0
FluencyBank,76,19,3.0
FluencyBank,76,20,8.0
FluencyBank,76,21,19.0
FluencyBank,76,22,3.0
FluencyBank,76,23,2.0
FluencyBank,76,24,6.0
FluencyBank,76,25,10.0
FluencyBank,76,26,11.0
FluencyBank,76,27,0.0
FluencyBank,76,28,11.0
FluencyBank,76,29,11.0
FluencyBank,76,30,5.0
FluencyBank,76,31,8.0
FluencyBank,76,32,2.0
FluencyBank,76,33,6.0
FluencyBank,76,34,16.0
FluencyBank,76,35,1.0
FluencyBank,76,36,9.0
FluencyBank,76,37,16.0
FluencyBank,76,38,8.0
FluencyBank,76,39,12.0
FluencyBank,76,40,9.0
FluencyBank,76,41,6.0
FluencyBank,76,42,10.0
FluencyBank,76,43,12.0
FluencyBank,76,44,8.0
FluencyBank,76,45,19.0
FluencyBank,76,46,18.0
FluencyBank,76,47,2.0
FluencyBank,76,48,3.0
FluencyBank,76,49,17.0
FluencyBank,76,50,0.0
FluencyBank,76,51,1.0
FluencyBank,76,52,1.0
FluencyBank,76,53,3.0
FluencyBank,76,54,15.0
FluencyBank,76,55,0.0
FluencyBank,76,56,15.0
FluencyBank,76,57,1.0
FluencyBank,76,58,18.0
FluencyBank,76,59,5.0
FluencyBank,76,60,10.0
FluencyBank,76,61,11.0
FluencyBank,76,62,3.0
FluencyBank,76,63,15.0
FluencyBank,76,64,7.0
FluencyBank,76,65,9.0
FluencyBank,76,66,16.0
FluencyBank,76,67,1.0
FluencyBank,76,68,2.0
FluencyBank,76,69,15.0
FluencyBank,76,70,16.0
FluencyBank,76,71,12.0
FluencyBank,76,72,0.0
FluencyBank,76,73,8.0
FluencyBank,76,74,6.0
FluencyBank,76,75,6.0
FluencyBank,76,76,10.0
FluencyBank,76,77,17.0
FluencyBank,76,78,14.0
FluencyBank,76,79,1.0
FluencyBank,76,80,14.0
FluencyBank,76,81,15.0
FluencyBank,76,82,10.0
FluencyBank,76,83,18.0
FluencyBank,76,84,2.0
FluencyBank,76,85,10.0
FluencyBank,76,88,10.0
FluencyBank,76,89,13.0
FluencyBank,76,90,16.0
FluencyBank,76,91,4.0
FluencyBank,76,92,10.0
FluencyBank,76,93,8.0
FluencyBank,76,94,9.0
FluencyBank,76,95,15.0
FluencyBank,81,0,17.0
FluencyBank,81,1,0.0
FluencyBank,81,2,1.0
FluencyBank,81,3,16.0
FluencyBank,81,4,16.0
FluencyBank,81,5,14.0
FluencyBank,81,6,19.0
FluencyBank,81,7,4.0
FluencyBank,81,8,4.0
FluencyBank,81,9,18.0
FluencyBank,81,10,13.0
FluencyBank,81,11,2.0
FluencyBank,81,12,2.0
FluencyBank,81,13,11.0
FluencyBank,81,14,12.0
FluencyBank,81,15,0.0
FluencyBank,81,16,19.0
FluencyBank,81,17,11.0
FluencyBank,81,18,10.0
FluencyBank,81,19,15.0
FluencyBank,81,20,3.0
FluencyBank,81,21,12.0
FluencyBank,81,22,9.0
FluencyBank,81,23,14.0
FluencyBank,81,24,1.0
FluencyBank,81,25,9.0
FluencyBank,81,26,8.0
FluencyBank,81,27,7.0
FluencyBank,81,28,2.0
FluencyBank,81,29,18.0
FluencyBank,81,30,13.0
FluencyBank,81,32,6.0
FluencyBank,81,33,15.0
FluencyBank,81,34,8.0
FluencyBank,81,35,4.0
FluencyBank,81,36,13.0
FluencyBank,81,37,6.0
FluencyBank,81,38,10.0
FluencyBank,81,39,17.0
FluencyBank,81,40,2.0
FluencyBank,81,41,7.0
FluencyBank,81,42,17.0
FluencyBank,81,43,18.0
FluencyBank,81,44,16.0
FluencyBank,81,45,9.0
FluencyBank,81,46,9.0
FluencyBank,81,47,19.0
FluencyBank,81,48,14.0
FluencyBank,81,49,0.0
FluencyBank,81,50,5.0
FluencyBank,81,51,10.0
FluencyBank,81,52,6.0
FluencyBank,81,53,1.0
FluencyBank,81,54,3.0
FluencyBank,81,55,11.0
FluencyBank,81,56,10.0
FluencyBank,81,57,9.0
FluencyBank,81,58,0.0
FluencyBank,81,59,13.0
FluencyBank,81,60,12.0
FluencyBank,81,61,18.0
FluencyBank,81,62,1.0
FluencyBank,81,63,6.0
FluencyBank,81,64,12.0
FluencyBank,81,65,6.0
FluencyBank,81,66,9.0
FluencyBank,81,67,0.0
FluencyBank,81,68,2.0
FluencyBank,81,69,2.0
FluencyBank,81,70,7.0
FluencyBank,81,71,9.0
FluencyBank,81,72,16.0
FluencyBank,81,73,9.0
FluencyBank,81,74,9.0
FluencyBank,81,75,16.0
FluencyBank,81,76,1.0
FluencyBank,81,77,13.0
FluencyBank,81,78,7.0
FluencyBank,81,79,7.0
FluencyBank,81,80,1.0
FluencyBank,81,81,5.0
FluencyBank,81,82,7.0
FluencyBank,81,83,0.0
FluencyBank,81,84,11.0
FluencyBank,81,85,6.0
FluencyBank,81,86,1.0
FluencyBank,81,87,13.0
FluencyBank,81,88,12.0
FluencyBank,81,89,4.0
FluencyBank,81,90,18.0
FluencyBank,81,91,6.0
FluencyBank,81,92,8.0
FluencyBank,81,93,7.0
FluencyBank,81,94,19.0
FluencyBank,81,95,12.0
FluencyBank,81,96,14.0
FluencyBank,81,97,1.0
FluencyBank,81,98,12.0
FluencyBank,81,99,6.0
FluencyBank,81,100,9.0
FluencyBank,81,101,2.0
FluencyBank,81,102,14.0
FluencyBank,81,103,0.0
FluencyBank,81,104,5.0
FluencyBank,81,105,17.0
FluencyBank,81,106,7.0
FluencyBank,81,107,2.0
FluencyBank,81,108,13.0
FluencyBank,81,109,2.0
FluencyBank,81,110,2.0
FluencyBank,81,111,14.0
FluencyBank,81,112,12.0
FluencyBank,81,113,6.0
FluencyBank,81,114,1.0
FluencyBank,81,115,8.0
FluencyBank,81,116,11.0
FluencyBank,81,117,8.0
FluencyBank,81,118,2.0
FluencyBank,81,119,8.0
FluencyBank,81,120,15.0
FluencyBank,81,121,4.0
FluencyBank,81,122,6.0
FluencyBank,81,123,16.0
FluencyBank,81,124,6.0
FluencyBank,81,125,15.0
FluencyBank,81,126,18.0
FluencyBank,81,127,15.0
FluencyBank,81,128,7.0
FluencyBank,81,129,9.0
FluencyBank,81,130,0.0
FluencyBank,81,131,17.0
FluencyBank,81,132,5.0
FluencyBank,81,133,8.0
FluencyBank,81,134,5.0
FluencyBank,81,135,9.0
FluencyBank,81,136,13.0
FluencyBank,81,137,3.0
FluencyBank,81,138,9.0
FluencyBank,81,139,3.0
FluencyBank,81,140,15.0
FluencyBank,81,141,6.0
FluencyBank,81,142,7.0
FluencyBank,81,143,19.0
FluencyBank,81,144,1.0
FluencyBank,81,145,4.0
FluencyBank,81,146,5.0
FluencyBank,81,147,18.0
FluencyBank,81,148,12.0
FluencyBank,81,149,12.0
FluencyBank,81,150,4.0
FluencyBank,81,151,12.0
FluencyBank,81,152,18.0
FluencyBank,81,153,19.0
FluencyBank,81,154,9.0
FluencyBank,81,155,19.0
FluencyBank,81,156,17.0
FluencyBank,81,157,0.0
FluencyBank,81,158,12.0
FluencyBank,81,159,0.0
FluencyBank,81,160,14.0
FluencyBank,81,161,13.0
FluencyBank,81,162,14.0
FluencyBank,81,163,13.0
FluencyBank,81,164,4.0
FluencyBank,87,0,0.0
FluencyBank,87,1,11.0
FluencyBank,87,2,14.0
FluencyBank,87,3,6.0
FluencyBank,87,4,0.0
FluencyBank,87,5,17.0
FluencyBank,87,6,13.0
FluencyBank,87,7,7.0
FluencyBank,87,8,6.0
FluencyBank,87,9,3.0
FluencyBank,87,10,12.0
FluencyBank,87,11,7.0
FluencyBank,87,12,8.0
FluencyBank,87,13,6.0
FluencyBank,87,14,2.0
FluencyBank,87,15,14.0
FluencyBank,87,16,0.0
FluencyBank,87,17,3.0
FluencyBank,87,18,12.0
FluencyBank,87,19,15.0
FluencyBank,87,20,10.0
FluencyBank,87,21,4.0
FluencyBank,87,22,9.0
FluencyBank,87,23,15.0
FluencyBank,87,24,9.0
FluencyBank,87,25,0.0
FluencyBank,87,26,1.0
FluencyBank,87,27,18.0
FluencyBank,87,28,10.0
FluencyBank,87,29,14.0
FluencyBank,87,30,11.0
FluencyBank,87,31,9.0
FluencyBank,87,32,7.0
FluencyBank,87,33,7.0
FluencyBank,87,34,9.0
FluencyBank,87,35,9.0
FluencyBank,87,36,15.0
FluencyBank,87,37,6.0
FluencyBank,87,38,1.0
FluencyBank,87,39,10.0
FluencyBank,87,40,13.0
FluencyBank,87,41,8.0
FluencyBank,87,42,16.0
FluencyBank,87,43,17.0
FluencyBank,87,44,0.0
FluencyBank,87,45,8.0
FluencyBank,87,46,17.0
FluencyBank,87,47,12.0
FluencyBank,87,48,2.0
FluencyBank,87,49,14.0
FluencyBank,87,50,8.0
FluencyBank,87,51,8.0
FluencyBank,87,52,12.0
FluencyBank,87,53,10.0
FluencyBank,87,54,15.0
FluencyBank,87,55,9.0
FluencyBank,87,56,5.0
FluencyBank,87,57,10.0
FluencyBank,87,58,4.0
FluencyBank,87,59,18.0
FluencyBank,87,60,15.0
FluencyBank,87,61,7.0
FluencyBank,87,62,5.0
FluencyBank,87,63,10.0
FluencyBank,87,64,2.0
FluencyBank,87,65,11.0
FluencyBank,87,66,5.0
FluencyBank,87,67,10.0
FluencyBank,87,68,19.0
FluencyBank,87,69,11.0
FluencyBank,87,70,10.0
FluencyBank,87,71,8.0
FluencyBank,87,72,15.0
FluencyBank,87,73,2.0
FluencyBank,87,74,9.0
FluencyBank,87,75,4.0
FluencyBank,87,76,9.0
FluencyBank,87,77,16.0
FluencyBank,87,78,14.0
FluencyBank,87,79,2.0
FluencyBank,87,80,3.0
FluencyBank,87,81,19.0
FluencyBank,87,82,15.0
FluencyBank,87,83,9.0
FluencyBank,87,84,19.0
FluencyBank,87,85,4.0
FluencyBank,87,86,18.0
FluencyBank,87,87,16.0
FluencyBank,87,88,7.0
FluencyBank,87,89,7.0
FluencyBank,87,90,11.0
FluencyBank,87,91,14.0
FluencyBank,87,92,5.0
FluencyBank,87,93,6.0
FluencyBank,87,94,6.0
FluencyBank,87,95,9.0
FluencyBank,87,96,3.0
FluencyBank,87,97,14.0
FluencyBank,87,98,14.0
FluencyBank,87,99,7.0
FluencyBank,87,100,8.0
FluencyBank,87,101,8.0
FluencyBank,87,102,17.0
FluencyBank,87,103,11.0
FluencyBank,87,104,19.0
FluencyBank,87,105,8.0
FluencyBank,87,106,4.0
FluencyBank,87,107,19.0
FluencyBank,87,108,0.0
FluencyBank,87,109,3.0
FluencyBank,87,110,10.0
FluencyBank,87,111,1.0
FluencyBank,87,112,18.0
FluencyBank,87,113,5.0
FluencyBank,87,114,3.0
FluencyBank,87,115,1.0
FluencyBank,87,116,12.0
FluencyBank,87,117,13.0
FluencyBank,89,0,9.0
FluencyBank,89,1,11.0
FluencyBank,89,2,1.0
FluencyBank,89,3,8.0
FluencyBank,89,4,8.0
FluencyBank,89,5,19.0
FluencyBank,89,6,10.0
FluencyBank,89,7,11.0
FluencyBank,89,8,4.0
FluencyBank,89,9,14.0
FluencyBank,89,10,0.0
FluencyBank,89,11,2.0
FluencyBank,89,12,15.0
FluencyBank,89,13,2.0
FluencyBank,89,14,13.0
FluencyBank,89,15,0.0
FluencyBank,89,16,13.0
FluencyBank,89,17,3.0
FluencyBank,89,18,0.0
FluencyBank,89,19,16.0
FluencyBank,89,20,3.0
FluencyBank,89,21,1.0
FluencyBank,89,22,15.0
FluencyBank,89,23,1.0
FluencyBank,89,24,1.0
FluencyBank,89,25,3.0
FluencyBank,89,26,17.0
FluencyBank,89,27,3.0
FluencyBank,89,28,17.0
FluencyBank,89,29,11.0
FluencyBank,89,30,7.0
FluencyBank,89,31,4.0
FluencyBank,89,32,9.0
FluencyBank,89,33,12.0
FluencyBank,89,34,3.0
FluencyBank,89,35,19.0
FluencyBank,89,36,1.0
FluencyBank,89,37,15.0
FluencyBank,89,38,7.0
FluencyBank,89,39,12.0
FluencyBank,89,40,8.0
FluencyBank,89,41,3.0
FluencyBank,89,42,17.0
FluencyBank,89,43,7.0
FluencyBank,89,44,11.0
FluencyBank,89,45,8.0
FluencyBank,89,46,17.0
FluencyBank,89,47,11.0
FluencyBank,89,48,17.0
FluencyBank,89,49,4.0
FluencyBank,89,50,1.0
FluencyBank,89,51,6.0
FluencyBank,89,52,19.0
FluencyBank,89,53,4.0
FluencyBank,89,54,11.0
FluencyBank,89,55,0.0
FluencyBank,89,56,12.0
FluencyBank,89,57,17.0
FluencyBank,89,58,1.0
FluencyBank,89,59,5.0
FluencyBank,89,60,13.0
FluencyBank,89,61,11.0
FluencyBank,89,62,10.0
FluencyBank,89,63,7.0
FluencyBank,89,64,0.0
FluencyBank,89,65,15.0
FluencyBank,89,66,18.0
FluencyBank,89,67,18.0
FluencyBank,89,68,16.0
FluencyBank,89,69,17.0
FluencyBank,89,70,6.0
FluencyBank,89,71,3.0
FluencyBank,89,72,11.0
FluencyBank,89,73,10.0
FluencyBank,89,74,17.0
FluencyBank,89,75,11.0
FluencyBank,89,76,19.0
FluencyBank,89,77,4.0
FluencyBank,89,78,6.0
FluencyBank,89,79,2.0
FluencyBank,89,80,11.0
FluencyBank,89,81,0.0
FluencyBank,89,82,5.0
FluencyBank,89,83,8.0
FluencyBank,89,84,13.0
FluencyBank,89,85,13.0
FluencyBank,89,86,3.0
FluencyBank,89,87,5.0
FluencyBank,89,88,3.0
FluencyBank,89,89,15.0
FluencyBank,89,90,9.0
FluencyBank,89,91,0.0
FluencyBank,89,92,4.0
FluencyBank,89,93,2.0
FluencyBank,89,94,1.0
FluencyBank,89,95,0.0
FluencyBank,89,96,11.0
FluencyBank,89,97,0.0
FluencyBank,89,98,0.0
FluencyBank,89,99,6.0
FluencyBank,89,100,17.0
FluencyBank,89,101,13.0
FluencyBank,89,102,18.0
FluencyBank,89,103,9.0
FluencyBank,89,104,16.0
FluencyBank,89,105,0.0
FluencyBank,89,106,19.0
FluencyBank,89,107,6.0
FluencyBank,89,108,0.0
FluencyBank,89,109,16.0
FluencyBank,89,110,8.0
FluencyBank,89,111,10.0
FluencyBank,89,112,7.0
FluencyBank,89,113,10.0
FluencyBank,89,114,12.0
FluencyBank,89,115,6.0
FluencyBank,89,116,2.0
FluencyBank,89,117,4.0
FluencyBank,89,118,7.0
FluencyBank,89,119,18.0
FluencyBank,89,120,0.0
FluencyBank,89,121,7.0
FluencyBank,89,122,19.0
FluencyBank,89,123,7.0
FluencyBank,89,124,2.0
FluencyBank,89,125,11.0
FluencyBank,89,126,6.0
FluencyBank,89,127,3.0
FluencyBank,89,128,11.0
FluencyBank,89,129,7.0
FluencyBank,89,130,11.0
FluencyBank,89,131,18.0
FluencyBank,89,132,2.0
FluencyBank,89,133,19.0
FluencyBank,89,134,1.0
FluencyBank,89,137,12.0
FluencyBank,89,138,7.0
FluencyBank,93,0,15.0
FluencyBank,93,1,3.0
FluencyBank,93,2,12.0
FluencyBank,93,3,0.0
FluencyBank,93,4,0.0
FluencyBank,93,5,14.0
FluencyBank,93,6,7.0
FluencyBank,93,7,14.0
FluencyBank,93,8,13.0
FluencyBank,93,9,1.0
FluencyBank,93,10,6.0
FluencyBank,93,11,14.0
FluencyBank,93,12,17.0
FluencyBank,93,13,2.0
FluencyBank,93,14,11.0
FluencyBank,93,15,3.0
FluencyBank,93,16,1.0
FluencyBank,93,17,10.0
FluencyBank,93,18,19.0
FluencyBank,93,19,9.0
FluencyBank,93,20,5.0
FluencyBank,93,21,10.0
FluencyBank,93,22,18.0
FluencyBank,93,23,14.0
FluencyBank,93,24,16.0
FluencyBank,93,25,10.0
FluencyBank,93,26,8.0
FluencyBank,93,27,18.0
FluencyBank,93,28,11.0
FluencyBank,93,29,2.0
FluencyBank,93,30,17.0
FluencyBank,93,31,18.0
FluencyBank,93,32,1.0
FluencyBank,93,33,17.0
FluencyBank,93,34,2.0
FluencyBank,93,35,12.0
FluencyBank,93,36,11.0
FluencyBank,93,37,17.0
FluencyBank,93,38,7.0
FluencyBank,93,39,8.0
FluencyBank,93,40,1.0
FluencyBank,93,41,5.0
FluencyBank,93,42,4.0
FluencyBank,93,43,18.0
FluencyBank,93,44,15.0
FluencyBank,93,45,13.0
FluencyBank,93,46,10.0
FluencyBank,93,47,1.0
FluencyBank,93,48,18.0
FluencyBank,93,49,14.0
FluencyBank,93,50,17.0
FluencyBank,93,51,15.0
FluencyBank,93,52,19.0
FluencyBank,93,53,2.0
FluencyBank,93,54,1.0
FluencyBank,93,55,14.0
FluencyBank,93,56,4.0
FluencyBank,93,57,19.0
FluencyBank,93,58,1.0
FluencyBank,93,59,16.0
FluencyBank,93,60,5.0
FluencyBank,93,61,10.0
FluencyBank,93,62,17.0
FluencyBank,93,63,16.0
FluencyBank,93,64,9.0
FluencyBank,93,65,5.0
FluencyBank,93,66,2.0
FluencyBank,93,67,16.0
FluencyBank,93,68,6.0
FluencyBank,93,69,3.0
FluencyBank,93,70,19.0
FluencyBank,93,71,0.0
FluencyBank,93,72,10.0
FluencyBank,93,73,6.0
FluencyBank,93,74,13.0
FluencyBank,93,75,15.0
FluencyBank,93,76,12.0
FluencyBank,93,77,8.0
FluencyBank,93,78,19.0
FluencyBank,93,79,1.0
FluencyBank,93,80,7.0
FluencyBank,93,81,18.0
FluencyBank,93,82,9.0
FluencyBank,93,84,7.0
FluencyBank,93,85,16.0
FluencyBank,93,86,14.0
FluencyBank,93,87,15.0
FluencyBank,93,88,2.0
FluencyBank,93,89,3.0
FluencyBank,93,90,4.0
FluencyBank,93,91,3.0
FluencyBank,93,92,13.0
FluencyBank,96,0,2.0
FluencyBank,96,1,10.0
FluencyBank,96,2,12.0
FluencyBank,96,3,19.0
FluencyBank,96,4,5.0
FluencyBank,96,5,15.0
FluencyBank,96,6,2.0
FluencyBank,96,7,15.0
FluencyBank,96,8,5.0
FluencyBank,96,9,9.0
FluencyBank,96,10,14.0
FluencyBank,96,11,7.0
FluencyBank,96,12,15.0
FluencyBank,96,13,12.0
FluencyBank,96,14,7.0
FluencyBank,96,15,18.0
FluencyBank,96,16,15.0
FluencyBank,96,17,7.0
FluencyBank,96,18,18.0
FluencyBank,96,19,3.0
FluencyBank,96,20,18.0
FluencyBank,96,21,9.0
FluencyBank,96,22,6.0
FluencyBank,96,23,6.0
FluencyBank,96,24,14.0
FluencyBank,96,25,0.0
FluencyBank,96,26,17.0
FluencyBank,96,27,9.0
FluencyBank,96,28,8.0
FluencyBank,96,29,12.0
FluencyBank,96,30,5.0
FluencyBank,96,31,7.0
FluencyBank,96,32,17.0
FluencyBank,96,33,12.0
FluencyBank,96,34,0.0
FluencyBank,96,35,17.0
FluencyBank,96,36,13.0
FluencyBank,96,37,17.0
FluencyBank,96,38,19.0
FluencyBank,96,39,17.0
FluencyBank,96,40,5.0
FluencyBank,96,41,14.0
FluencyBank,96,42,0.0
FluencyBank,96,43,19.0
FluencyBank,96,44,2.0
FluencyBank,96,45,16.0
FluencyBank,96,46,2.0
FluencyBank,96,47,8.0
FluencyBank,96,48,9.0
FluencyBank,96,49,8.0
FluencyBank,96,50,5.0
FluencyBank,96,51,19.0
FluencyBank,96,52,17.0
FluencyBank,96,53,3.0
FluencyBank,96,54,2.0
FluencyBank,96,55,11.0
FluencyBank,96,56,1.0
FluencyBank,96,57,16.0
FluencyBank,96,58,15.0
FluencyBank,96,59,0.0
FluencyBank,96,60,9.0
FluencyBank,96,61,7.0
FluencyBank,96,62,10.0
FluencyBank,96,63,1.0
FluencyBank,96,64,8.0
FluencyBank,96,65,10.0
FluencyBank,96,66,19.0
FluencyBank,96,67,11.0
FluencyBank,96,68,13.0
FluencyBank,96,69,5.0
FluencyBank,96,70,4.0
FluencyBank,96,71,9.0
FluencyBank,96,72,19.0
FluencyBank,96,73,17.0
FluencyBank,96,74,14.0
FluencyBank,96,75,14.0
FluencyBank,96,76,15.0
FluencyBank,96,77,8.0
FluencyBank,96,78,4.0
FluencyBank,96,79,16.0
FluencyBank,96,80,0.0
FluencyBank,96,81,9.0
FluencyBank,96,82,16.0
FluencyBank,96,83,12.0
FluencyBank,96,84,9.0
FluencyBank,96,85,12.0
FluencyBank,96,86,13.0
FluencyBank,96,87,11.0
FluencyBank,96,89,19.0
FluencyBank,96,90,6.0
FluencyBank,96,91,11.0
FluencyBank,96,92,12.0
FluencyBank,96,93,2.0
FluencyBank,96,94,19.0
FluencyBank,97,0,0.0
FluencyBank,97,1,18.0
FluencyBank,97,2,5.0
FluencyBank,97,3,2.0
FluencyBank,97,4,7.0
FluencyBank,97,5,19.0
FluencyBank,97,6,13.0
FluencyBank,97,7,13.0
FluencyBank,97,8,9.0
FluencyBank,97,9,7.0
FluencyBank,97,10,12.0
FluencyBank,97,11,19.0
FluencyBank,97,12,12.0
FluencyBank,97,13,15.0
FluencyBank,97,14,8.0
FluencyBank,97,15,14.0
FluencyBank,97,16,16.0
FluencyBank,97,17,8.0
FluencyBank,97,18,17.0
FluencyBank,97,19,18.0
FluencyBank,97,20,14.0
FluencyBank,97,21,17.0
FluencyBank,97,22,15.0
FluencyBank,97,23,17.0
FluencyBank,97,24,0.0
FluencyBank,97,25,16.0
FluencyBank,97,26,13.0
FluencyBank,97,27,15.0
FluencyBank,97,28,9.0
FluencyBank,97,29,3.0
FluencyBank,97,30,16.0
FluencyBank,97,31,11.0
FluencyBank,97,32,15.0
FluencyBank,97,33,13.0
FluencyBank,97,34,4.0
FluencyBank,97,35,15.0
FluencyBank,97,36,1.0
FluencyBank,97,37,10.0
FluencyBank,97,38,5.0
FluencyBank,97,39,19.0
FluencyBank,97,40,13.0
FluencyBank,97,41,10.0
FluencyBank,97,42,17.0
FluencyBank,97,43,16.0
FluencyBank,97,44,11.0
FluencyBank,97,45,19.0
FluencyBank,97,46,8.0
FluencyBank,97,47,19.0
FluencyBank,97,48,17.0
FluencyBank,97,49,3.0
FluencyBank,97,50,7.0
FluencyBank,97,51,19.0
FluencyBank,97,52,19.0
FluencyBank,97,53,3.0
FluencyBank,97,54,0.0
FluencyBank,97,55,2.0
FluencyBank,97,56,5.0
FluencyBank,97,57,19.0
FluencyBank,97,58,16.0
FluencyBank,97,59,18.0
FluencyBank,97,60,4.0
FluencyBank,97,61,12.0
FluencyBank,97,62,8.0
FluencyBank,97,63,9.0
FluencyBank,97,64,18.0
FluencyBank,97,65,0.0
FluencyBank,97,66,15.0
FluencyBank,97,67,4.0
FluencyBank,97,68,5.0
FluencyBank,97,69,17.0
FluencyBank,97,70,13.0
FluencyBank,97,71,6.0
FluencyBank,97,72,4.0
FluencyBank,97,73,16.0
FluencyBank,97,74,2.0
FluencyBank,97,75,11.0
FluencyBank,97,76,10.0
FluencyBank,97,77,18.0
FluencyBank,97,78,7.0
FluencyBank,97,79,6.0
FluencyBank,97,80,2.0
FluencyBank,97,81,1.0
FluencyBank,97,82,11.0
FluencyBank,97,83,7.0
FluencyBank,97,84,2.0
FluencyBank,97,85,7.0
FluencyBank,97,86,10.0
FluencyBank,97,87,7.0
FluencyBank,97,88,8.0
FluencyBank,97,89,12.0
FluencyBank,97,90,13.0
FluencyBank,97,91,13.0
FluencyBank,97,92,6.0
FluencyBank,97,93,4.0
FluencyBank,97,94,18.0
FluencyBank,97,95,13.0
FluencyBank,97,96,15.0
FluencyBank,97,97,17.0
FluencyBank,97,98,6.0
FluencyBank,97,99,17.0
FluencyBank,97,100,16.0
FluencyBank,97,101,5.0
FluencyBank,97,102,12.0
FluencyBank,97,103,15.0
FluencyBank,97,104,4.0
FluencyBank,97,105,17.0
FluencyBank,97,106,12.0
FluencyBank,97,107,8.0
FluencyBank,97,108,14.0
FluencyBank,97,109,9.0
FluencyBank,97,110,17.0
FluencyBank,97,111,0.0
FluencyBank,97,112,12.0
FluencyBank,97,113,1.0
FluencyBank,97,114,8.0
FluencyBank,97,115,6.0
FluencyBank,97,116,19.0
FluencyBank,97,117,8.0
FluencyBank,97,118,14.0
FluencyBank,97,119,15.0
FluencyBank,97,120,1.0
FluencyBank,97,121,3.0
FluencyBank,97,122,3.0
FluencyBank,97,123,6.0
FluencyBank,97,124,9.0
FluencyBank,97,125,4.0
FluencyBank,97,126,7.0
FluencyBank,97,127,14.0
FluencyBank,97,128,13.0
FluencyBank,97,129,4.0
FluencyBank,97,130,13.0
FluencyBank,97,131,5.0
FluencyBank,97,132,8.0
FluencyBank,97,133,11.0
FluencyBank,97,134,17.0
FluencyBank,97,135,9.0
FluencyBank,97,136,19.0
FluencyBank,97,137,4.0
FluencyBank,97,138,0.0
FluencyBank,97,139,7.0
FluencyBank,97,140,15.0
FluencyBank,97,141,4.0
FluencyBank,97,142,15.0
FluencyBank,97,143,17.0
FluencyBank,97,144,8.0
FluencyBank,97,145,15.0
FluencyBank,97,146,13.0
FluencyBank,97,147,14.0
FluencyBank,97,148,6.0
FluencyBank,97,149,14.0
FluencyBank,97,150,4.0
FluencyBank,97,151,12.0
FluencyBank,97,152,4.0
FluencyBank,97,153,10.0
FluencyBank,97,154,8.0
FluencyBank,97,155,11.0
FluencyBank,97,156,13.0
FluencyBank,97,157,2.0
FluencyBank,97,158,10.0
FluencyBank,97,159,4.0
FluencyBank,97,160,1.0
FluencyBank,97,161,15.0
FluencyBank,97,162,4.0
FluencyBank,97,163,12.0
FluencyBank,97,164,15.0
FluencyBank,97,165,15.0
FluencyBank,97,166,13.0
FluencyBank,97,167,1.0
FluencyBank,97,168,5.0
FluencyBank,97,169,6.0
FluencyBank,97,170,8.0
FluencyBank,97,171,16.0
FluencyBank,97,172,7.0
FluencyBank,97,173,2.0
FluencyBank,97,174,4.0
FluencyBank,97,175,17.0
FluencyBank,97,176,16.0
FluencyBank,97,177,16.0
FluencyBank,97,178,2.0
FluencyBank,97,179,8.0
FluencyBank,97,180,12.0
FluencyBank,97,181,2.0
FluencyBank,97,182,1.0
FluencyBank,97,183,9.0
FluencyBank,97,184,12.0
FluencyBank,97,185,3.0
FluencyBank,97,186,13.0
FluencyBank,97,187,11.0
FluencyBank,97,188,11.0
FluencyBank,97,189,10.0
FluencyBank,97,190,14.0
FluencyBank,97,191,10.0
FluencyBank,97,192,10.0
FluencyBank,98,1,2.0
FluencyBank,98,2,1.0
FluencyBank,98,3,5.0
FluencyBank,98,4,11.0
FluencyBank,98,5,3.0
FluencyBank,98,6,12.0
FluencyBank,98,7,19.0
FluencyBank,98,8,17.0
FluencyBank,98,9,12.0
FluencyBank,98,10,4.0
FluencyBank,98,11,3.0
FluencyBank,98,12,13.0
FluencyBank,98,13,19.0
FluencyBank,98,14,2.0
FluencyBank,98,15,12.0
FluencyBank,98,16,9.0
FluencyBank,98,17,10.0
FluencyBank,98,18,15.0
FluencyBank,98,19,4.0
FluencyBank,98,20,13.0
FluencyBank,98,21,2.0
FluencyBank,98,22,2.0
FluencyBank,98,23,19.0
FluencyBank,98,24,7.0
FluencyBank,98,25,18.0
FluencyBank,98,26,7.0
FluencyBank,98,27,0.0
FluencyBank,98,28,8.0
FluencyBank,98,29,5.0
FluencyBank,98,30,10.0
FluencyBank,98,31,7.0
FluencyBank,98,32,18.0
FluencyBank,98,33,15.0
FluencyBank,98,34,12.0
FluencyBank,98,35,10.0
FluencyBank,98,36,4.0
FluencyBank,98,37,16.0
FluencyBank,98,38,7.0
FluencyBank,98,39,12.0
FluencyBank,98,40,0.0
FluencyBank,98,41,10.0
FluencyBank,98,42,2.0
FluencyBank,98,43,14.0
FluencyBank,98,44,13.0
FluencyBank,98,45,12.0
FluencyBank,98,46,7.0
FluencyBank,98,47,10.0
FluencyBank,98,48,3.0
FluencyBank,98,49,12.0
FluencyBank,98,50,1.0
FluencyBank,98,51,3.0
FluencyBank,98,52,8.0
FluencyBank,98,53,10.0
FluencyBank,98,54,0.0
FluencyBank,98,55,18.0
FluencyBank,98,56,0.0
FluencyBank,98,57,12.0
FluencyBank,98,58,10.0
FluencyBank,98,59,2.0
FluencyBank,98,60,3.0
FluencyBank,98,61,14.0
FluencyBank,98,62,7.0
FluencyBank,98,63,19.0
FluencyBank,98,64,7.0
FluencyBank,98,65,3.0
FluencyBank,98,66,3.0
FluencyBank,98,67,17.0
FluencyBank,98,68,3.0
FluencyBank,98,69,9.0
FluencyBank,98,70,3.0
FluencyBank,98,71,7.0
FluencyBank,98,72,0.0
FluencyBank,98,73,19.0
FluencyBank,98,74,13.0
FluencyBank,98,75,18.0
FluencyBank,98,76,8.0
FluencyBank,98,77,10.0
FluencyBank,98,78,14.0
FluencyBank,98,79,13.0
FluencyBank,98,80,19.0
FluencyBank,98,81,11.0
FluencyBank,98,82,1.0
FluencyBank,98,83,10.0
FluencyBank,98,84,18.0
FluencyBank,98,85,7.0
FluencyBank,98,86,0.0
FluencyBank,98,87,6.0
FluencyBank,98,88,2.0
FluencyBank,98,89,18.0
FluencyBank,98,90,13.0
FluencyBank,98,91,19.0
FluencyBank,98,92,4.0
FluencyBank,98,93,2.0
FluencyBank,98,94,6.0
FluencyBank,98,95,9.0
FluencyBank,98,96,16.0
FluencyBank,98,97,19.0
FluencyBank,98,98,9.0
FluencyBank,98,99,18.0
FluencyBank,98,100,7.0
FluencyBank,98,101,5.0
FluencyBank,98,102,13.0
FluencyBank,98,103,13.0
FluencyBank,98,104,9.0
FluencyBank,98,105,18.0
FluencyBank,98,106,0.0
FluencyBank,98,107,4.0
FluencyBank,98,108,19.0
FluencyBank,98,109,7.0
FluencyBank,98,110,1.0
FluencyBank,98,111,14.0
FluencyBank,98,112,2.0
FluencyBank,98,113,3.0
FluencyBank,98,114,8.0
FluencyBank,98,115,6.0
FluencyBank,98,116,11.0
FluencyBank,98,117,18.0
FluencyBank,98,118,16.0
FluencyBank,98,119,11.0
FluencyBank,98,120,7.0
FluencyBank,98,121,17.0
FluencyBank,98,122,17.0
FluencyBank,98,123,9.0
FluencyBank,98,125,1.0
FluencyBank,98,126,1.0
FluencyBank,98,127,17.0
FluencyBank,99,0,2.0
FluencyBank,99,1,5.0
FluencyBank,99,2,9.0
FluencyBank,99,3,8.0
FluencyBank,99,4,17.0
FluencyBank,99,5,15.0
FluencyBank,99,6,12.0
FluencyBank,99,7,14.0
FluencyBank,99,8,15.0
FluencyBank,99,9,4.0
FluencyBank,99,10,1.0
FluencyBank,99,11,12.0
FluencyBank,99,12,2.0
FluencyBank,99,13,2.0
FluencyBank,99,14,7.0
FluencyBank,99,15,13.0
FluencyBank,99,16,2.0
FluencyBank,99,17,6.0
FluencyBank,99,18,14.0
FluencyBank,99,19,14.0
FluencyBank,99,20,19.0
FluencyBank,99,21,10.0
FluencyBank,99,22,12.0
FluencyBank,99,23,13.0
FluencyBank,99,24,15.0
FluencyBank,99,25,1.0
FluencyBank,99,27,4.0
FluencyBank,99,28,18.0
FluencyBank,99,29,5.0
FluencyBank,99,30,11.0
FluencyBank,99,31,7.0
FluencyBank,99,32,6.0
FluencyBank,99,33,9.0
FluencyBank,99,34,4.0
FluencyBank,99,35,10.0
FluencyBank,99,36,6.0
FluencyBank,99,37,5.0
FluencyBank,99,38,3.0
FluencyBank,99,39,0.0
FluencyBank,99,40,9.0
FluencyBank,99,41,12.0
FluencyBank,99,42,4.0
FluencyBank,99,43,6.0
FluencyBank,99,44,13.0
FluencyBank,99,45,6.0
FluencyBank,99,46,18.0
FluencyBank,99,47,5.0
FluencyBank,99,48,18.0
FluencyBank,99,49,17.0
FluencyBank,99,50,12.0
FluencyBank,99,51,5.0
FluencyBank,99,52,16.0
FluencyBank,99,53,1.0
FluencyBank,99,54,14.0
FluencyBank,99,55,4.0
FluencyBank,99,56,15.0
FluencyBank,99,57,7.0
FluencyBank,99,58,10.0
FluencyBank,99,59,9.0
FluencyBank,99,60,15.0
FluencyBank,99,61,8.0
FluencyBank,99,62,5.0
FluencyBank,99,63,2.0
FluencyBank,99,64,18.0
FluencyBank,99,65,18.0
FluencyBank,99,66,6.0
FluencyBank,99,67,13.0
FluencyBank,99,68,7.0
FluencyBank,99,69,7.0
FluencyBank,99,70,11.0
FluencyBank,99,71,18.0
FluencyBank,99,72,13.0
FluencyBank,99,73,5.0
FluencyBank,99,74,19.0
FluencyBank,99,75,8.0
FluencyBank,99,76,13.0
FluencyBank,99,77,16.0
FluencyBank,99,78,10.0
FluencyBank,99,79,5.0
FluencyBank,99,80,12.0
FluencyBank,99,81,0.0
FluencyBank,99,82,16.0
FluencyBank,99,83,14.0
FluencyBank,99,84,6.0
FluencyBank,99,85,17.0
FluencyBank,99,86,6.0
FluencyBank,99,87,6.0
FluencyBank,99,88,8.0
FluencyBank,99,89,3.0
FluencyBank,99,90,13.0
FluencyBank,99,91,13.0
FluencyBank,99,92,18.0
FluencyBank,99,93,9.0
FluencyBank,99,94,7.0
FluencyBank,99,95,15.0
FluencyBank,99,96,8.0
FluencyBank,99,97,10.0
FluencyBank,99,98,19.0
FluencyBank,99,99,19.0
FluencyBank,99,100,11.0
FluencyBank,99,101,0.0
FluencyBank,99,102,15.0
FluencyBank,99,103,5.0
FluencyBank,99,104,12.0
FluencyBank,99,105,7.0
FluencyBank,99,106,4.0
FluencyBank,99,107,3.0
FluencyBank,99,108,17.0
FluencyBank,99,109,8.0
FluencyBank,99,110,10.0
FluencyBank,99,111,11.0
FluencyBank,99,112,10.0
FluencyBank,99,113,10.0
FluencyBank,99,114,11.0
FluencyBank,99,115,16.0
FluencyBank,99,116,14.0
FluencyBank,99,117,11.0
FluencyBank,99,118,4.0
FluencyBank,99,119,19.0
FluencyBank,99,120,6.0
FluencyBank,99,121,9.0
FluencyBank,99,122,3.0
FluencyBank,99,123,16.0
FluencyBank,99,124,13.0
FluencyBank,99,125,1.0
FluencyBank,99,126,19.0
FluencyBank,99,127,16.0
FluencyBank,99,128,5.0
FluencyBank,99,129,12.0
FluencyBank,99,130,7.0
FluencyBank,99,131,1.0
FluencyBank,99,132,10.0
FluencyBank,99,133,15.0
FluencyBank,99,134,1.0
FluencyBank,99,135,5.0
FluencyBank,99,136,16.0
FluencyBank,99,137,7.0
FluencyBank,99,138,1.0
FluencyBank,99,139,11.0
FluencyBank,99,140,4.0
FluencyBank,99,141,17.0
FluencyBank,99,142,14.0
FluencyBank,99,143,5.0
FluencyBank,99,144,16.0
FluencyBank,99,145,2.0
FluencyBank,99,146,9.0
FluencyBank,99,147,1.0
FluencyBank,99,148,13.0
FluencyBank,99,149,19.0
FluencyBank,99,150,17.0
FluencyBank,99,151,17.0
FluencyBank,99,152,13.0
FluencyBank,99,153,12.0
FluencyBank,99,154,12.0
FluencyBank,99,155,14.0
FluencyBank,99,156,14.0
FluencyBank,99,157,6.0
FluencyBank,99,158,8.0
FluencyBank,99,159,14.0
FluencyBank,99,160,0.0
FluencyBank,99,161,13.0
FluencyBank,99,162,9.0
FluencyBank,99,163,9.0
FluencyBank,99,164,15.0
FluencyBank,99,165,19.0
FluencyBank,99,166,5.0
FluencyBank,99,167,0.0
FluencyBank,99,168,13.0
FluencyBank,99,169,17.0
FluencyBank,99,170,12.0
FluencyBank,99,171,18.0
FluencyBank,99,172,10.0
FluencyBank,99,173,0.0
FluencyBank,99,174,9.0
FluencyBank,99,175,6.0
FluencyBank,99,176,7.0
FluencyBank,99,177,2.0
FluencyBank,99,178,18.0
FluencyBank,99,179,2.0
FluencyBank,99,180,18.0
FluencyBank,99,181,9.0
FluencyBank,99,182,7.0
FluencyBank,99,183,12.0
FluencyBank,99,184,15.0
FluencyBank,99,185,19.0
FluencyBank,107,1,0.0
FluencyBank,107,2,15.0
FluencyBank,107,3,5.0
FluencyBank,107,4,9.0
FluencyBank,107,5,1.0
FluencyBank,107,6,18.0
FluencyBank,107,7,0.0
FluencyBank,107,8,16.0
FluencyBank,107,9,3.0
FluencyBank,107,10,11.0
FluencyBank,107,11,5.0
FluencyBank,107,12,16.0
FluencyBank,107,13,15.0
FluencyBank,107,14,4.0
FluencyBank,107,15,10.0
FluencyBank,107,16,17.0
FluencyBank,107,17,13.0
FluencyBank,107,18,8.0
FluencyBank,107,19,6.0
FluencyBank,107,20,18.0
FluencyBank,107,21,16.0
FluencyBank,107,22,11.0
FluencyBank,107,23,9.0
FluencyBank,107,24,4.0
FluencyBank,107,25,6.0
FluencyBank,107,26,13.0
FluencyBank,107,27,19.0
FluencyBank,107,28,16.0
FluencyBank,107,29,4.0
FluencyBank,107,30,15.0
FluencyBank,107,31,0.0
FluencyBank,107,32,17.0
FluencyBank,107,33,12.0
FluencyBank,107,34,18.0
FluencyBank,107,35,2.0
FluencyBank,107,36,5.0
FluencyBank,107,37,14.0
FluencyBank,107,38,14.0
FluencyBank,107,39,13.0
FluencyBank,107,40,1.0
FluencyBank,107,41,0.0
FluencyBank,107,42,1.0
FluencyBank,107,43,7.0
FluencyBank,107,44,19.0
FluencyBank,107,45,0.0
FluencyBank,107,46,9.0
FluencyBank,107,47,13.0
FluencyBank,107,48,19.0
FluencyBank,107,49,17.0
FluencyBank,107,50,17.0
FluencyBank,107,51,14.0
FluencyBank,107,52,17.0
FluencyBank,107,53,8.0
FluencyBank,107,54,0.0
FluencyBank,107,55,2.0
FluencyBank,107,56,8.0
FluencyBank,107,57,17.0
FluencyBank,107,58,14.0
FluencyBank,107,59,11.0
FluencyBank,107,60,10.0
FluencyBank,107,61,17.0
FluencyBank,107,62,0.0
FluencyBank,107,63,8.0
FluencyBank,107,64,9.0
FluencyBank,107,65,5.0
FluencyBank,107,66,13.0
FluencyBank,107,67,0.0
FluencyBank,107,68,4.0
FluencyBank,107,69,6.0
FluencyBank,107,70,6.0
FluencyBank,107,71,12.0
FluencyBank,107,72,19.0
FluencyBank,107,73,11.0
FluencyBank,107,74,12.0
FluencyBank,107,75,2.0
FluencyBank,107,76,17.0
FluencyBank,107,77,17.0
FluencyBank,107,78,0.0
FluencyBank,107,79,18.0
FluencyBank,107,80,4.0
FluencyBank,107,81,9.0
FluencyBank,107,82,11.0
FluencyBank,107,83,12.0
FluencyBank,107,84,2.0
FluencyBank,107,85,15.0
FluencyBank,107,86,13.0
FluencyBank,107,87,15.0
FluencyBank,107,88,1.0
FluencyBank,107,89,9.0
FluencyBank,107,90,10.0
FluencyBank,107,91,14.0
FluencyBank,107,92,10.0
FluencyBank,107,93,11.0
FluencyBank,107,94,8.0
FluencyBank,107,95,10.0
FluencyBank,107,96,15.0
FluencyBank,109,0,17.0
FluencyBank,109,1,1.0
FluencyBank,109,2,3.0
FluencyBank,109,3,6.0
FluencyBank,109,4,16.0
FluencyBank,109,5,1.0
FluencyBank,109,6,15.0
FluencyBank,109,7,8.0
FluencyBank,109,8,11.0
FluencyBank,109,9,17.0
FluencyBank,109,10,2.0
FluencyBank,109,11,7.0
FluencyBank,109,12,9.0
FluencyBank,109,13,9.0
FluencyBank,109,14,5.0
FluencyBank,109,15,16.0
FluencyBank,109,16,5.0
FluencyBank,109,17,6.0
FluencyBank,109,18,7.0
FluencyBank,109,19,13.0
FluencyBank,109,20,5.0
FluencyBank,109,21,14.0
FluencyBank,109,22,10.0
FluencyBank,109,23,13.0
FluencyBank,109,24,10.0
FluencyBank,109,25,12.0
FluencyBank,109,26,10.0
FluencyBank,109,27,16.0
FluencyBank,109,28,3.0
FluencyBank,109,29,15.0
FluencyBank,109,30,3.0
FluencyBank,109,31,16.0
FluencyBank,109,32,2.0
FluencyBank,109,33,8.0
FluencyBank,109,34,10.0
FluencyBank,109,35,5.0
FluencyBank,109,36,9.0
FluencyBank,109,37,8.0
FluencyBank,109,38,6.0
FluencyBank,109,39,19.0
FluencyBank,109,40,1.0
FluencyBank,109,41,18.0
FluencyBank,109,42,14.0
FluencyBank,109,43,11.0
FluencyBank,109,44,13.0
FluencyBank,109,45,14.0
FluencyBank,109,46,19.0
FluencyBank,109,47,18.0
FluencyBank,109,48,4.0
FluencyBank,109,49,16.0
FluencyBank,109,50,13.0
FluencyBank,109,51,17.0
FluencyBank,109,52,0.0
FluencyBank,109,53,1.0
FluencyBank,109,54,6.0
FluencyBank,109,55,10.0
FluencyBank,109,56,16.0
FluencyBank,109,57,1.0
FluencyBank,109,58,0.0
FluencyBank,109,59,2.0
FluencyBank,109,60,3.0
FluencyBank,109,61,16.0
FluencyBank,109,62,9.0
FluencyBank,109,63,3.0
FluencyBank,109,64,5.0
FluencyBank,109,65,9.0
FluencyBank,109,66,16.0
FluencyBank,109,67,6.0
FluencyBank,109,68,11.0
FluencyBank,109,69,4.0
FluencyBank,109,70,12.0
FluencyBank,109,71,17.0
FluencyBank,109,72,12.0
FluencyBank,109,73,15.0
FluencyBank,109,74,8.0
FluencyBank,109,75,11.0
FluencyBank,109,76,9.0
FluencyBank,109,77,4.0
FluencyBank,109,78,1.0
FluencyBank,109,79,18.0
FluencyBank,109,80,5.0
FluencyBank,109,81,9.0
FluencyBank,109,82,19.0
FluencyBank,109,83,15.0
FluencyBank,109,84,12.0
FluencyBank,111,0,1.0
FluencyBank,111,1,18.0
FluencyBank,111,2,13.0
FluencyBank,111,3,8.0
FluencyBank,111,4,9.0
FluencyBank,111,5,18.0
FluencyBank,111,6,4.0
FluencyBank,111,7,8.0
FluencyBank,111,8,14.0
FluencyBank,111,9,6.0
FluencyBank,111,11,2.0
FluencyBank,111,12,2.0
FluencyBank,111,13,0.0
FluencyBank,111,14,14.0
FluencyBank,111,15,1.0
FluencyBank,111,16,15.0
FluencyBank,111,17,9.0
FluencyBank,111,18,5.0
FluencyBank,111,19,9.0
FluencyBank,111,20,7.0
FluencyBank,111,21,7.0
FluencyBank,111,22,18.0
FluencyBank,111,23,2.0
FluencyBank,111,24,8.0
FluencyBank,111,25,15.0
FluencyBank,111,26,16.0
FluencyBank,111,27,0.0
FluencyBank,111,28,4.0
FluencyBank,111,29,0.0
FluencyBank,111,30,12.0
FluencyBank,111,31,13.0
FluencyBank,111,32,15.0
FluencyBank,111,33,7.0
FluencyBank,111,34,2.0
FluencyBank,111,35,4.0
FluencyBank,111,36,10.0
FluencyBank,111,37,10.0
FluencyBank,111,38,6.0
FluencyBank,111,39,13.0
FluencyBank,111,40,13.0
FluencyBank,111,41,11.0
FluencyBank,111,42,14.0
FluencyBank,111,43,13.0
FluencyBank,111,44,4.0
FluencyBank,111,45,1.0
FluencyBank,111,46,15.0
FluencyBank,111,47,1.0
FluencyBank,111,48,12.0
FluencyBank,111,49,18.0
FluencyBank,111,50,13.0
FluencyBank,111,51,19.0
FluencyBank,111,52,13.0
FluencyBank,111,53,0.0
FluencyBank,111,54,7.0
FluencyBank,111,55,19.0
FluencyBank,111,56,16.0
FluencyBank,111,57,1.0
FluencyBank,111,58,18.0
FluencyBank,111,59,16.0
FluencyBank,111,60,16.0
FluencyBank,111,61,18.0
FluencyBank,111,62,2.0
FluencyBank,111,63,17.0
FluencyBank,111,64,5.0
FluencyBank,111,65,13.0
FluencyBank,111,66,9.0
FluencyBank,111,67,7.0
FluencyBank,111,68,7.0
FluencyBank,111,69,15.0
FluencyBank,111,70,1.0
FluencyBank,111,71,14.0
FluencyBank,111,72,16.0
FluencyBank,111,73,10.0
FluencyBank,111,74,5.0
FluencyBank,111,75,7.0
FluencyBank,111,76,7.0
FluencyBank,111,77,0.0
FluencyBank,111,78,6.0
FluencyBank,111,79,1.0
FluencyBank,111,80,17.0
FluencyBank,111,81,13.0
FluencyBank,111,82,13.0
FluencyBank,111,83,15.0
FluencyBank,111,84,9.0
FluencyBank,111,85,15.0
FluencyBank,111,86,19.0
FluencyBank,111,87,14.0
FluencyBank,111,88,19.0
FluencyBank,111,89,3.0
FluencyBank,111,90,10.0
FluencyBank,111,91,16.0
FluencyBank,111,92,11.0
FluencyBank,111,93,1.0
FluencyBank,111,94,8.0
FluencyBank,111,95,12.0
FluencyBank,111,96,6.0
FluencyBank,111,97,9.0
FluencyBank,111,98,18.0
FluencyBank,111,99,1.0
FluencyBank,111,100,18.0
FluencyBank,111,101,11.0
FluencyBank,111,102,2.0
FluencyBank,111,103,7.0
FluencyBank,111,104,0.0
FluencyBank,111,105,11.0
FluencyBank,111,106,5.0
FluencyBank,111,107,13.0
FluencyBank,111,108,2.0
FluencyBank,111,109,2.0
FluencyBank,111,110,10.0
FluencyBank,111,111,2.0
FluencyBank,111,112,7.0
FluencyBank,111,113,0.0
FluencyBank,111,114,7.0
FluencyBank,111,115,8.0
FluencyBank,111,116,8.0
FluencyBank,111,117,6.0
FluencyBank,111,118,7.0
FluencyBank,111,119,13.0
FluencyBank,111,120,3.0
FluencyBank,111,121,16.0
FluencyBank,111,122,0.0
FluencyBank,111,123,14.0
FluencyBank,111,124,3.0
FluencyBank,111,125,13.0
FluencyBank,111,126,5.0
FluencyBank,111,127,15.0
FluencyBank,111,128,11.0
FluencyBank,111,129,4.0
FluencyBank,111,130,18.0
FluencyBank,111,131,9.0
FluencyBank,111,132,18.0
FluencyBank,111,133,13.0
FluencyBank,111,134,0.0
FluencyBank,111,135,1.0
FluencyBank,111,136,17.0
FluencyBank,111,137,12.0
FluencyBank,111,138,4.0
FluencyBank,111,139,2.0
FluencyBank,111,140,19.0
FluencyBank,111,141,8.0
FluencyBank,111,142,1.0
FluencyBank,111,143,10.0
FluencyBank,111,144,11.0
FluencyBank,111,145,8.0
FluencyBank,111,146,14.0
FluencyBank,111,147,7.0
FluencyBank,111,148,14.0
FluencyBank,111,149,11.0
FluencyBank,111,150,18.0
FluencyBank,111,151,14.0
FluencyBank,111,152,11.0
FluencyBank,111,153,2.0
FluencyBank,111,154,2.0
FluencyBank,111,155,13.0
FluencyBank,111,156,9.0
FluencyBank,111,157,5.0
FluencyBank,111,158,19.0
FluencyBank,111,159,19.0
FluencyBank,111,160,9.0
FluencyBank,111,161,5.0
FluencyBank,111,162,8.0
FluencyBank,111,163,14.0
FluencyBank,111,164,8.0
FluencyBank,118,0,18.0
FluencyBank,118,1,10.0
FluencyBank,118,2,5.0
FluencyBank,118,3,8.0
FluencyBank,118,4,14.0
FluencyBank,118,5,11.0
FluencyBank,118,6,0.0
FluencyBank,118,7,12.0
FluencyBank,118,8,8.0
FluencyBank,118,9,3.0
FluencyBank,118,10,1.0
FluencyBank,118,11,13.0
FluencyBank,118,12,11.0
FluencyBank,118,13,9.0
FluencyBank,118,14,11.0
FluencyBank,118,15,12.0
FluencyBank,118,16,3.0
FluencyBank,118,17,5.0
FluencyBank,118,18,2.0
FluencyBank,118,19,15.0
FluencyBank,118,20,15.0
FluencyBank,118,21,0.0
FluencyBank,118,22,5.0
FluencyBank,118,23,17.0
FluencyBank,118,24,14.0
FluencyBank,118,25,3.0
FluencyBank,118,26,0.0
FluencyBank,118,27,0.0
FluencyBank,118,28,8.0
FluencyBank,118,29,17.0
FluencyBank,118,30,2.0
FluencyBank,118,31,19.0
FluencyBank,118,32,9.0
FluencyBank,118,33,17.0
FluencyBank,118,34,12.0
FluencyBank,118,35,2.0
FluencyBank,118,36,17.0
FluencyBank,118,37,14.0
FluencyBank,118,38,3.0
FluencyBank,118,39,1.0
FluencyBank,118,40,17.0
FluencyBank,118,41,3.0
FluencyBank,118,42,15.0
FluencyBank,118,43,16.0
FluencyBank,118,44,19.0
FluencyBank,118,45,7.0
FluencyBank,118,46,17.0
FluencyBank,118,47,1.0
FluencyBank,118,48,18.0
FluencyBank,118,49,14.0
FluencyBank,118,50,17.0
FluencyBank,118,51,19.0
FluencyBank,118,52,5.0
FluencyBank,118,53,19.0
FluencyBank,118,54,17.0
FluencyBank,118,55,3.0
FluencyBank,118,56,12.0
FluencyBank,118,57,6.0
FluencyBank,118,58,8.0
FluencyBank,118,59,14.0
FluencyBank,118,60,0.0
FluencyBank,118,61,14.0
FluencyBank,118,62,4.0
FluencyBank,118,63,8.0
FluencyBank,118,64,19.0
FluencyBank,118,65,10.0
FluencyBank,118,66,13.0
FluencyBank,118,67,10.0
FluencyBank,118,68,19.0
FluencyBank,118,69,10.0
FluencyBank,118,70,4.0
FluencyBank,118,71,12.0
FluencyBank,118,72,14.0
FluencyBank,118,73,9.0
FluencyBank,118,74,19.0
FluencyBank,118,75,16.0
FluencyBank,118,76,6.0
FluencyBank,118,77,18.0
FluencyBank,118,78,2.0
FluencyBank,118,79,13.0
FluencyBank,118,80,18.0
FluencyBank,118,81,16.0
FluencyBank,118,82,4.0
FluencyBank,118,83,12.0
FluencyBank,118,84,9.0
FluencyBank,118,85,6.0
FluencyBank,118,86,3.0
FluencyBank,118,87,11.0
FluencyBank,118,88,3.0
FluencyBank,118,89,2.0
FluencyBank,118,90,4.0
FluencyBank,118,91,11.0
FluencyBank,118,92,10.0
FluencyBank,118,93,6.0
FluencyBank,118,94,19.0
FluencyBank,118,95,8.0
FluencyBank,118,96,0.0
FluencyBank,118,97,1.0
FluencyBank,118,98,14.0
FluencyBank,118,99,19.0
FluencyBank,118,100,17.0
FluencyBank,118,101,7.0
FluencyBank,118,102,17.0
FluencyBank,118,103,14.0
FluencyBank,118,104,9.0
FluencyBank,118,105,8.0
FluencyBank,118,106,11.0
FluencyBank,118,107,18.0
FluencyBank,118,108,15.0
FluencyBank,118,109,9.0
FluencyBank,118,110,11.0
FluencyBank,118,111,16.0
FluencyBank,118,112,0.0
FluencyBank,121,0,17.0
FluencyBank,121,1,18.0
FluencyBank,121,2,4.0
FluencyBank,121,3,10.0
FluencyBank,121,4,4.0
FluencyBank,121,5,2.0
FluencyBank,121,6,12.0
FluencyBank,121,7,9.0
FluencyBank,121,8,12.0
FluencyBank,121,9,8.0
FluencyBank,121,10,4.0
FluencyBank,121,11,16.0
FluencyBank,121,12,18.0
FluencyBank,121,13,4.0
FluencyBank,121,14,15.0
FluencyBank,121,15,0.0
FluencyBank,121,16,12.0
FluencyBank,121,17,12.0
FluencyBank,121,18,16.0
FluencyBank,121,19,1.0
FluencyBank,121,20,17.0
FluencyBank,121,21,12.0
FluencyBank,121,22,10.0
FluencyBank,121,23,14.0
FluencyBank,121,24,13.0
FluencyBank,121,25,0.0
FluencyBank,121,26,1.0
FluencyBank,121,27,7.0
FluencyBank,121,28,4.0
FluencyBank,121,29,13.0
FluencyBank,121,30,19.0
FluencyBank,121,31,10.0
FluencyBank,121,32,16.0
FluencyBank,121,33,16.0
FluencyBank,121,34,18.0
FluencyBank,121,35,19.0
FluencyBank,121,36,7.0
FluencyBank,121,37,16.0
FluencyBank,121,38,10.0
FluencyBank,121,39,6.0
FluencyBank,121,40,15.0
FluencyBank,121,41,1.0
FluencyBank,121,42,2.0
FluencyBank,121,43,2.0
FluencyBank,121,44,3.0
FluencyBank,121,45,4.0
FluencyBank,121,46,17.0
FluencyBank,121,47,9.0
FluencyBank,121,48,2.0
FluencyBank,121,49,0.0
FluencyBank,121,50,7.0
FluencyBank,121,51,4.0
FluencyBank,121,52,17.0
FluencyBank,121,53,8.0
FluencyBank,121,54,17.0
FluencyBank,121,55,16.0
FluencyBank,121,56,0.0
FluencyBank,121,57,1.0
FluencyBank,121,58,10.0
FluencyBank,121,59,3.0
FluencyBank,121,60,2.0
FluencyBank,121,61,11.0
FluencyBank,121,62,15.0
FluencyBank,121,63,16.0
FluencyBank,121,64,10.0
FluencyBank,121,65,18.0
FluencyBank,121,66,5.0
FluencyBank,121,67,4.0
FluencyBank,121,68,14.0
FluencyBank,121,69,1.0
FluencyBank,121,70,13.0
FluencyBank,121,71,19.0
FluencyBank,121,72,8.0
FluencyBank,121,73,3.0
FluencyBank,121,74,4.0
FluencyBank,121,75,14.0
FluencyBank,121,76,6.0
FluencyBank,121,77,19.0
FluencyBank,121,78,0.0
FluencyBank,121,79,16.0
FluencyBank,121,80,7.0
FluencyBank,121,81,12.0
FluencyBank,121,82,3.0
FluencyBank,121,83,1.0
FluencyBank,121,84,16.0
FluencyBank,121,85,14.0
FluencyBank,121,86,0.0
FluencyBank,121,87,7.0
FluencyBank,121,88,2.0
FluencyBank,121,89,5.0
FluencyBank,121,90,0.0
FluencyBank,121,91,14.0
FluencyBank,121,92,0.0
FluencyBank,121,93,12.0
FluencyBank,121,94,16.0
FluencyBank,121,95,19.0
FluencyBank,121,96,15.0
FluencyBank,121,97,13.0
FluencyBank,121,98,5.0
FluencyBank,121,99,2.0
FluencyBank,121,100,4.0
FluencyBank,121,101,15.0
FluencyBank,121,102,7.0
FluencyBank,121,103,9.0
FluencyBank,121,104,8.0
FluencyBank,121,105,1.0
FluencyBank,121,106,0.0
FluencyBank,121,107,16.0
FluencyBank,121,108,8.0
FluencyBank,121,109,8.0
FluencyBank,121,110,13.0
FluencyBank,121,111,6.0
FluencyBank,121,112,11.0
FluencyBank,121,113,13.0
FluencyBank,121,114,19.0
FluencyBank,121,115,2.0
FluencyBank,121,116,9.0
FluencyBank,121,117,14.0
FluencyBank,121,118,2.0
FluencyBank,121,119,3.0
FluencyBank,121,120,1.0
FluencyBank,121,121,12.0
FluencyBank,121,122,1.0
FluencyBank,121,123,9.0
FluencyBank,121,124,13.0
FluencyBank,121,125,10.0
FluencyBank,121,126,14.0
FluencyBank,121,127,6.0
FluencyBank,121,128,13.0
FluencyBank,121,129,9.0
FluencyBank,121,130,9.0
FluencyBank,121,131,18.0
FluencyBank,121,132,2.0
FluencyBank,121,133,6.0
FluencyBank,121,134,3.0
FluencyBank,121,135,9.0
FluencyBank,121,136,3.0
FluencyBank,121,137,17.0
FluencyBank,121,138,10.0
FluencyBank,121,139,11.0
FluencyBank,121,140,18.0
FluencyBank,121,141,4.0
FluencyBank,121,142,6.0
FluencyBank,132,0,14.0
FluencyBank,132,1,15.0
FluencyBank,132,2,1.0
FluencyBank,132,3,10.0
FluencyBank,132,4,12.0
FluencyBank,132,5,16.0
FluencyBank,132,6,3.0
FluencyBank,132,7,7.0
FluencyBank,132,8,16.0
FluencyBank,132,9,7.0
FluencyBank,132,10,13.0
FluencyBank,132,11,7.0
FluencyBank,132,12,19.0
FluencyBank,132,13,19.0
FluencyBank,132,14,8.0
FluencyBank,132,15,13.0
FluencyBank,132,16,5.0
FluencyBank,132,17,16.0
FluencyBank,132,18,3.0
FluencyBank,132,19,17.0
FluencyBank,132,20,19.0
FluencyBank,132,21,7.0
FluencyBank,132,22,5.0
FluencyBank,132,23,11.0
FluencyBank,132,24,3.0
FluencyBank,132,25,7.0
FluencyBank,132,26,16.0
FluencyBank,132,27,11.0
FluencyBank,132,28,8.0
FluencyBank,132,29,9.0
FluencyBank,132,30,17.0
FluencyBank,132,31,8.0
FluencyBank,132,32,3.0
FluencyBank,132,33,5.0
FluencyBank,132,34,19.0
FluencyBank,132,35,4.0
FluencyBank,132,36,15.0
FluencyBank,132,37,5.0
FluencyBank,132,38,16.0
FluencyBank,132,39,17.0
FluencyBank,132,40,2.0
FluencyBank,132,41,16.0
FluencyBank,132,42,0.0
FluencyBank,132,43,16.0
FluencyBank,132,44,6.0
FluencyBank,132,45,15.0
FluencyBank,132,46,14.0
FluencyBank,132,47,5.0
FluencyBank,132,48,17.0
FluencyBank,132,49,4.0
FluencyBank,132,50,4.0
FluencyBank,132,51,3.0
FluencyBank,132,52,12.0
FluencyBank,132,53,12.0
FluencyBank,132,54,7.0
FluencyBank,132,55,13.0
FluencyBank,132,56,8.0
FluencyBank,132,57,9.0
FluencyBank,132,58,16.0
FluencyBank,132,59,5.0
FluencyBank,132,60,3.0
FluencyBank,132,61,5.0
FluencyBank,132,62,6.0
FluencyBank,132,63,5.0
FluencyBank,132,64,7.0
FluencyBank,132,65,14.0
FluencyBank,132,66,8.0
FluencyBank,132,67,17.0
FluencyBank,132,68,4.0
FluencyBank,132,69,10.0
FluencyBank,132,70,12.0
FluencyBank,132,71,18.0
FluencyBank,132,72,1.0
FluencyBank,132,73,15.0
FluencyBank,132,74,19.0
FluencyBank,132,75,19.0
FluencyBank,132,76,4.0
FluencyBank,132,77,10.0
FluencyBank,132,78,8.0
FluencyBank,132,79,17.0
FluencyBank,132,80,13.0
FluencyBank,132,81,19.0
FluencyBank,132,82,19.0
FluencyBank,132,83,18.0
FluencyBank,132,84,11.0
FluencyBank,132,85,11.0
FluencyBank,132,86,15.0
FluencyBank,132,87,18.0
FluencyBank,132,88,16.0
FluencyBank,132,89,2.0
FluencyBank,132,90,18.0
FluencyBank,132,91,11.0
FluencyBank,132,92,13.0
FluencyBank,132,93,17.0
FluencyBank,132,94,19.0
FluencyBank,132,95,8.0
FluencyBank,132,96,11.0
FluencyBank,132,97,17.0
FluencyBank,132,98,5.0
FluencyBank,132,99,1.0
FluencyBank,147,0,4.0
FluencyBank,147,1,4.0
FluencyBank,147,2,5.0
FluencyBank,147,3,12.0
FluencyBank,147,4,12.0
FluencyBank,147,5,7.0
FluencyBank,147,6,10.0
FluencyBank,147,7,6.0
FluencyBank,147,8,15.0
FluencyBank,147,9,5.0
FluencyBank,147,10,18.0
FluencyBank,147,11,7.0
FluencyBank,147,12,6.0
FluencyBank,147,13,7.0
FluencyBank,147,14,5.0
FluencyBank,147,15,3.0
FluencyBank,147,16,11.0
FluencyBank,147,17,18.0
FluencyBank,147,18,9.0
FluencyBank,147,19,11.0
FluencyBank,147,20,18.0
FluencyBank,147,21,16.0
FluencyBank,147,22,3.0
FluencyBank,147,23,18.0
FluencyBank,147,24,7.0
FluencyBank,147,25,1.0
FluencyBank,147,26,7.0
FluencyBank,147,27,19.0
FluencyBank,147,28,14.0
FluencyBank,147,29,19.0
FluencyBank,147,30,19.0
FluencyBank,147,31,4.0
FluencyBank,147,32,14.0
FluencyBank,147,33,3.0
FluencyBank,147,34,17.0
FluencyBank,147,35,11.0
FluencyBank,147,36,17.0
FluencyBank,147,37,9.0
FluencyBank,147,38,11.0
FluencyBank,147,39,8.0
FluencyBank,147,40,4.0
FluencyBank,147,41,5.0
FluencyBank,147,42,13.0
FluencyBank,147,43,6.0
FluencyBank,147,44,9.0
FluencyBank,147,45,4.0
FluencyBank,147,46,5.0
FluencyBank,147,47,3.0
FluencyBank,147,48,10.0
FluencyBank,147,49,18.0
FluencyBank,147,50,16.0
FluencyBank,147,51,4.0
FluencyBank,147,52,11.0
FluencyBank,147,53,17.0
FluencyBank,147,54,0.0
FluencyBank,147,55,8.0
FluencyBank,147,56,9.0
FluencyBank,147,57,14.0
FluencyBank,147,58,12.0
FluencyBank,147,59,5.0
FluencyBank,147,60,1.0
FluencyBank,147,61,3.0
FluencyBank,147,62,13.0
FluencyBank,147,63,15.0
FluencyBank,147,64,14.0
FluencyBank,147,65,11.0
FluencyBank,147,66,6.0
FluencyBank,147,67,1.0
FluencyBank,147,68,5.0
FluencyBank,147,69,3.0
FluencyBank,147,70,19.0
FluencyBank,147,71,0.0
FluencyBank,147,72,19.0
FluencyBank,147,73,10.0
FluencyBank,147,74,4.0
FluencyBank,147,75,13.0
FluencyBank,147,76,1.0
FluencyBank,147,77,18.0
FluencyBank,147,78,0.0
FluencyBank,147,79,2.0
FluencyBank,147,80,2.0
FluencyBank,147,81,9.0
FluencyBank,147,82,11.0
FluencyBank,147,83,12.0
FluencyBank,147,84,16.0
FluencyBank,147,85,12.0
FluencyBank,147,86,4.0
FluencyBank,147,87,0.0
FluencyBank,147,88,9.0
FluencyBank,147,89,1.0
FluencyBank,147,90,18.0
FluencyBank,147,91,7.0
FluencyBank,147,92,9.0
FluencyBank,147,93,7.0
FluencyBank,147,94,10.0
FluencyBank,147,95,16.0
FluencyBank,147,96,4.0
FluencyBank,147,97,15.0
FluencyBank,147,98,2.0
FluencyBank,147,99,9.0
FluencyBank,147,100,10.0
FluencyBank,147,101,10.0
FluencyBank,147,102,6.0
FluencyBank,147,103,2.0
FluencyBank,147,104,6.0
FluencyBank,147,105,11.0
FluencyBank,147,106,4.0
FluencyBank,147,107,7.0
FluencyBank,173,1,5.0
FluencyBank,173,2,8.0
FluencyBank,173,3,6.0
FluencyBank,173,4,12.0
FluencyBank,173,5,0.0
FluencyBank,173,6,9.0
FluencyBank,173,7,9.0
FluencyBank,173,8,0.0
FluencyBank,173,9,12.0
FluencyBank,173,10,0.0
FluencyBank,173,11,7.0
FluencyBank,173,12,16.0
FluencyBank,173,13,13.0
FluencyBank,173,14,19.0
FluencyBank,173,15,13.0
FluencyBank,173,16,6.0
FluencyBank,173,17,0.0
FluencyBank,173,18,16.0
FluencyBank,173,19,6.0
FluencyBank,173,20,11.0
FluencyBank,173,21,0.0
FluencyBank,173,22,0.0
FluencyBank,173,23,2.0
FluencyBank,173,24,4.0
FluencyBank,173,25,7.0
FluencyBank,173,26,6.0
FluencyBank,173,27,12.0
FluencyBank,173,28,6.0
FluencyBank,173,29,0.0
FluencyBank,173,30,2.0
FluencyBank,173,31,2.0
FluencyBank,173,32,16.0
FluencyBank,173,33,18.0
FluencyBank,173,34,13.0
FluencyBank,173,35,3.0
FluencyBank,173,36,19.0
FluencyBank,173,37,2.0
FluencyBank,173,38,10.0
FluencyBank,173,39,5.0
FluencyBank,173,40,7.0
FluencyBank,173,41,1.0
FluencyBank,173,42,15.0
FluencyBank,173,43,7.0
FluencyBank,173,44,3.0
FluencyBank,173,45,2.0
FluencyBank,173,46,8.0
FluencyBank,173,47,0.0
FluencyBank,173,48,6.0
FluencyBank,173,49,13.0
FluencyBank,173,50,12.0
FluencyBank,173,51,2.0
FluencyBank,173,52,0.0
FluencyBank,173,53,1.0
FluencyBank,173,54,16.0
FluencyBank,173,55,9.0
FluencyBank,173,56,10.0
FluencyBank,173,57,12.0
FluencyBank,173,58,4.0
FluencyBank,173,59,7.0
FluencyBank,173,60,11.0
FluencyBank,173,61,9.0
FluencyBank,173,62,3.0
FluencyBank,173,63,10.0
FluencyBank,173,64,18.0
FluencyBank,173,65,7.0
FluencyBank,173,66,9.0
FluencyBank,173,67,3.0
FluencyBank,173,68,5.0
FluencyBank,173,69,18.0
FluencyBank,173,70,19.0
FluencyBank,173,73,4.0
FluencyBank,173,74,2.0
FluencyBank,173,75,12.0
FluencyBank,173,76,16.0
FluencyBank,173,77,6.0
FluencyBank,173,78,12.0
FluencyBank,178,1,17.0
FluencyBank,178,2,15.0
FluencyBank,178,3,15.0
FluencyBank,178,4,17.0
FluencyBank,178,5,14.0
FluencyBank,178,6,14.0
FluencyBank,178,7,12.0
FluencyBank,178,8,4.0
FluencyBank,178,9,15.0
FluencyBank,178,10,19.0
FluencyBank,178,11,7.0
FluencyBank,178,12,1.0
FluencyBank,178,13,2.0
FluencyBank,178,14,7.0
FluencyBank,178,15,17.0
FluencyBank,178,16,0.0
FluencyBank,178,17,14.0
FluencyBank,178,18,14.0
FluencyBank,178,19,18.0
FluencyBank,178,20,16.0
FluencyBank,178,21,6.0
FluencyBank,178,22,13.0
FluencyBank,178,23,7.0
FluencyBank,178,24,2.0
FluencyBank,178,25,5.0
FluencyBank,178,26,10.0
FluencyBank,178,27,5.0
FluencyBank,178,28,10.0
FluencyBank,178,29,10.0
FluencyBank,178,30,12.0
FluencyBank,178,31,5.0
FluencyBank,178,32,15.0
FluencyBank,178,33,8.0
FluencyBank,178,36,12.0
FluencyBank,178,37,7.0
FluencyBank,178,38,8.0
FluencyBank,178,39,19.0
FluencyBank,178,40,2.0
FluencyBank,178,41,0.0
FluencyBank,178,42,10.0
FluencyBank,178,43,10.0
FluencyBank,178,44,18.0
FluencyBank,178,45,13.0
FluencyBank,178,46,9.0
FluencyBank,178,47,5.0
FluencyBank,178,48,15.0
FluencyBank,178,49,15.0
FluencyBank,178,50,6.0
FluencyBank,178,51,19.0
FluencyBank,178,52,7.0
FluencyBank,178,53,8.0
FluencyBank,178,54,16.0
FluencyBank,178,55,13.0
FluencyBank,178,56,2.0
FluencyBank,178,57,6.0
FluencyBank,178,58,17.0
FluencyBank,178,59,11.0
FluencyBank,178,60,19.0
FluencyBank,178,61,17.0
FluencyBank,178,62,16.0
FluencyBank,178,63,14.0
FluencyBank,178,64,16.0
FluencyBank,178,65,15.0
FluencyBank,178,66,15.0
FluencyBank,178,67,4.0
FluencyBank,178,68,8.0
FluencyBank,178,69,16.0
FluencyBank,178,70,5.0
FluencyBank,178,71,14.0
FluencyBank,178,72,6.0
FluencyBank,178,73,9.0
FluencyBank,178,74,3.0
FluencyBank,178,75,0.0
FluencyBank,178,76,9.0
FluencyBank,178,77,3.0
FluencyBank,178,78,15.0
FluencyBank,178,79,18.0
FluencyBank,178,80,10.0
FluencyBank,178,81,0.0
FluencyBank,178,82,8.0
FluencyBank,178,83,6.0
FluencyBank,178,84,7.0
FluencyBank,178,85,3.0
FluencyBank,178,86,17.0
FluencyBank,178,87,1.0
FluencyBank,178,88,3.0
FluencyBank,178,89,18.0
FluencyBank,178,90,8.0
FluencyBank,178,91,8.0
FluencyBank,178,92,0.0
FluencyBank,178,93,17.0
FluencyBank,178,94,18.0
FluencyBank,178,95,15.0
FluencyBank,178,96,1.0
FluencyBank,178,97,15.0
FluencyBank,178,98,4.0
FluencyBank,178,99,5.0
FluencyBank,178,100,8.0
FluencyBank,178,101,10.0
FluencyBank,178,102,11.0
FluencyBank,178,103,10.0
FluencyBank,178,104,14.0
FluencyBank,178,105,16.0
FluencyBank,178,106,7.0
FluencyBank,178,107,12.0
FluencyBank,178,108,13.0
FluencyBank,178,109,0.0
FluencyBank,178,110,16.0
FluencyBank,178,111,15.0
FluencyBank,178,112,3.0
FluencyBank,178,113,7.0
FluencyBank,178,114,9.0
FluencyBank,178,115,12.0
FluencyBank,178,116,16.0
FluencyBank,178,117,7.0
FluencyBank,178,118,6.0
FluencyBank,178,119,19.0
FluencyBank,178,120,0.0
FluencyBank,178,121,5.0
FluencyBank,178,122,11.0
FluencyBank,178,123,1.0
FluencyBank,178,124,16.0
FluencyBank,178,125,4.0
FluencyBank,178,126,12.0
FluencyBank,178,127,17.0
FluencyBank,178,128,16.0
FluencyBank,178,129,6.0
FluencyBank,178,130,12.0
FluencyBank,178,131,4.0
FluencyBank,178,132,5.0
FluencyBank,178,133,19.0
FluencyBank,178,134,2.0
FluencyBank,178,135,6.0
FluencyBank,178,136,16.0
FluencyBank,178,137,4.0
FluencyBank,178,138,1.0
FluencyBank,178,139,5.0
FluencyBank,178,140,14.0
FluencyBank,178,141,8.0
FluencyBank,178,142,7.0
FluencyBank,178,143,2.0
FluencyBank,178,144,0.0
FluencyBank,178,145,16.0
FluencyBank,178,146,5.0
FluencyBank,178,147,18.0
FluencyBank,178,148,7.0
FluencyBank,178,149,8.0
FluencyBank,178,150,13.0
FluencyBank,178,151,7.0
FluencyBank,178,152,0.0
FluencyBank,178,153,9.0
FluencyBank,178,154,19.0
FluencyBank,178,155,14.0
FluencyBank,178,156,2.0
FluencyBank,178,157,17.0
FluencyBank,178,158,14.0
FluencyBank,178,159,10.0
FluencyBank,178,160,2.0
FluencyBank,178,161,15.0
FluencyBank,178,162,3.0
FluencyBank,178,163,6.0
FluencyBank,178,164,10.0
FluencyBank,178,165,13.0
FluencyBank,178,166,14.0
FluencyBank,178,167,19.0
FluencyBank,178,168,16.0
FluencyBank,178,169,13.0
FluencyBank,178,170,19.0
FluencyBank,179,0,0.0
FluencyBank,179,1,6.0
FluencyBank,179,2,17.0
FluencyBank,179,3,8.0
FluencyBank,179,4,1.0
FluencyBank,179,5,15.0
FluencyBank,179,6,18.0
FluencyBank,179,7,4.0
FluencyBank,179,8,12.0
FluencyBank,179,9,18.0
FluencyBank,179,10,19.0
FluencyBank,179,11,16.0
FluencyBank,179,12,16.0
FluencyBank,179,13,10.0
FluencyBank,179,14,6.0
FluencyBank,179,15,3.0
FluencyBank,179,16,0.0
FluencyBank,179,17,19.0
FluencyBank,179,18,2.0
FluencyBank,179,19,16.0
FluencyBank,179,20,19.0
FluencyBank,179,21,4.0
FluencyBank,179,22,7.0
FluencyBank,179,23,5.0
FluencyBank,179,24,1.0
FluencyBank,179,25,8.0
FluencyBank,179,26,2.0
FluencyBank,179,27,12.0
FluencyBank,179,28,7.0
FluencyBank,179,29,5.0
FluencyBank,179,30,9.0
FluencyBank,179,31,15.0
FluencyBank,179,32,19.0
FluencyBank,179,33,12.0
FluencyBank,179,34,5.0
FluencyBank,179,35,8.0
FluencyBank,179,36,11.0
FluencyBank,179,37,10.0
FluencyBank,179,38,6.0
FluencyBank,179,39,17.0
FluencyBank,179,40,8.0
FluencyBank,179,41,18.0
FluencyBank,179,42,5.0
FluencyBank,179,43,6.0
FluencyBank,179,44,8.0
FluencyBank,179,45,5.0
FluencyBank,179,46,8.0
FluencyBank,179,47,5.0
FluencyBank,179,48,9.0
FluencyBank,179,49,9.0
FluencyBank,179,50,2.0
FluencyBank,179,51,14.0
FluencyBank,179,52,1.0
FluencyBank,179,53,9.0
FluencyBank,179,54,0.0
FluencyBank,179,55,11.0
FluencyBank,179,56,7.0
FluencyBank,179,57,17.0
FluencyBank,179,58,2.0
FluencyBank,179,59,4.0
FluencyBank,179,60,15.0
FluencyBank,179,61,18.0
FluencyBank,179,62,6.0
FluencyBank,179,63,1.0
FluencyBank,179,64,13.0
FluencyBank,179,65,8.0
FluencyBank,179,66,9.0
FluencyBank,179,67,5.0
FluencyBank,179,68,16.0
FluencyBank,179,69,4.0
FluencyBank,179,70,6.0
FluencyBank,179,71,9.0
FluencyBank,179,72,9.0
FluencyBank,179,73,11.0
FluencyBank,179,74,0.0
FluencyBank,179,75,13.0
FluencyBank,179,76,18.0
FluencyBank,179,77,16.0
FluencyBank,179,79,16.0
FluencyBank,179,80,15.0
FluencyBank,179,81,5.0
FluencyBank,179,82,18.0
FluencyBank,179,83,2.0
FluencyBank,179,84,15.0
FluencyBank,179,85,15.0
FluencyBank,179,86,1.0
FluencyBank,179,87,11.0
FluencyBank,193,0,6.0
FluencyBank,193,1,14.0
FluencyBank,193,2,4.0
FluencyBank,193,3,17.0
FluencyBank,193,4,14.0
FluencyBank,193,5,6.0
FluencyBank,193,6,8.0
FluencyBank,193,7,13.0
FluencyBank,193,8,2.0
FluencyBank,193,9,0.0
FluencyBank,193,10,14.0
FluencyBank,193,11,17.0
FluencyBank,193,12,16.0
FluencyBank,193,13,7.0
FluencyBank,193,14,15.0
FluencyBank,193,15,2.0
FluencyBank,193,16,14.0
FluencyBank,193,17,15.0
FluencyBank,193,18,17.0
FluencyBank,193,19,4.0
FluencyBank,193,20,16.0
FluencyBank,193,21,4.0
FluencyBank,193,22,13.0
FluencyBank,193,23,13.0
FluencyBank,193,24,0.0
FluencyBank,193,25,10.0
FluencyBank,193,26,3.0
FluencyBank,193,27,11.0
FluencyBank,193,28,4.0
FluencyBank,193,29,15.0
FluencyBank,193,30,15.0
FluencyBank,193,31,3.0
FluencyBank,193,32,16.0
FluencyBank,193,33,7.0
FluencyBank,193,34,8.0
FluencyBank,193,35,11.0
FluencyBank,193,36,11.0
FluencyBank,193,37,5.0
FluencyBank,193,38,4.0
FluencyBank,193,39,11.0
FluencyBank,193,40,13.0
FluencyBank,193,41,5.0
FluencyBank,193,42,16.0
FluencyBank,193,43,3.0
FluencyBank,193,44,9.0
FluencyBank,193,45,18.0
FluencyBank,193,46,1.0
FluencyBank,193,47,11.0
FluencyBank,193,48,16.0
FluencyBank,193,49,19.0
FluencyBank,193,50,14.0
FluencyBank,193,51,2.0
FluencyBank,193,52,12.0
FluencyBank,193,53,15.0
FluencyBank,193,54,6.0
FluencyBank,193,55,9.0
FluencyBank,193,56,17.0
FluencyBank,193,57,6.0
FluencyBank,193,58,11.0
FluencyBank,193,59,2.0
FluencyBank,193,60,12.0
FluencyBank,193,61,1.0
FluencyBank,193,62,7.0
FluencyBank,193,63,15.0
FluencyBank,193,64,0.0
FluencyBank,193,65,18.0
FluencyBank,193,66,18.0
FluencyBank,193,67,2.0
FluencyBank,193,68,1.0
FluencyBank,193,69,18.0
FluencyBank,193,70,3.0
FluencyBank,193,71,12.0
FluencyBank,193,72,3.0
FluencyBank,193,73,14.0
FluencyBank,193,74,11.0
FluencyBank,193,75,15.0
FluencyBank,193,76,8.0
FluencyBank,193,77,13.0
FluencyBank,193,78,3.0
FluencyBank,193,79,6.0
FluencyBank,193,80,10.0
FluencyBank,193,81,18.0
FluencyBank,193,82,1.0
FluencyBank,193,83,9.0
FluencyBank,193,84,11.0
FluencyBank,193,85,7.0
FluencyBank,193,86,9.0
FluencyBank,193,87,2.0
FluencyBank,193,88,14.0
FluencyBank,193,89,18.0
FluencyBank,193,90,17.0
FluencyBank,193,91,11.0
FluencyBank,193,92,14.0
FluencyBank,193,93,9.0
FluencyBank,193,94,4.0
FluencyBank,193,95,6.0
FluencyBank,193,96,2.0
FluencyBank,193,97,7.0
FluencyBank,193,98,10.0
FluencyBank,193,99,19.0
FluencyBank,193,100,8.0
FluencyBank,193,101,8.0
FluencyBank,193,102,9.0
FluencyBank,193,103,4.0
FluencyBank,193,104,12.0
FluencyBank,193,105,17.0
FluencyBank,193,106,16.0
FluencyBank,193,107,4.0
FluencyBank,193,108,16.0
FluencyBank,193,109,7.0
FluencyBank,193,110,6.0
FluencyBank,193,111,7.0
FluencyBank,193,112,17.0
FluencyBank,193,113,14.0
FluencyBank,193,114,3.0
FluencyBank,193,116,14.0
FluencyBank,193,117,11.0
FluencyBank,193,118,4.0
FluencyBank,193,119,11.0
FluencyBank,193,120,6.0
FluencyBank,193,121,1.0
FluencyBank,218,1,5.0
FluencyBank,218,2,15.0
FluencyBank,218,3,1.0
FluencyBank,218,4,5.0
FluencyBank,218,5,15.0
FluencyBank,218,6,4.0
FluencyBank,218,7,5.0
FluencyBank,218,8,16.0
FluencyBank,218,9,17.0
FluencyBank,218,10,14.0
FluencyBank,218,11,1.0
FluencyBank,218,12,14.0
FluencyBank,218,13,4.0
FluencyBank,218,14,15.0
FluencyBank,218,15,19.0
FluencyBank,218,16,6.0
FluencyBank,218,17,9.0
FluencyBank,218,18,10.0
FluencyBank,218,19,13.0
FluencyBank,218,20,11.0
FluencyBank,218,21,17.0
FluencyBank,218,22,3.0
FluencyBank,218,23,19.0
FluencyBank,218,24,15.0
FluencyBank,218,25,12.0
FluencyBank,218,26,6.0
FluencyBank,218,27,5.0
FluencyBank,218,28,11.0
FluencyBank,218,29,12.0
FluencyBank,218,30,7.0
FluencyBank,218,31,10.0
FluencyBank,218,32,17.0
FluencyBank,218,33,6.0
FluencyBank,218,34,16.0
FluencyBank,218,35,13.0
FluencyBank,218,36,8.0
FluencyBank,218,37,12.0
FluencyBank,218,38,5.0
FluencyBank,218,39,11.0
FluencyBank,218,40,1.0
FluencyBank,218,41,2.0
FluencyBank,218,42,17.0
FluencyBank,218,43,14.0
FluencyBank,218,44,2.0
FluencyBank,218,45,19.0
FluencyBank,218,46,8.0
FluencyBank,218,47,14.0
FluencyBank,218,48,19.0
FluencyBank,218,49,9.0
FluencyBank,218,50,6.0
FluencyBank,218,51,12.0
FluencyBank,218,52,17.0
FluencyBank,218,53,12.0
FluencyBank,218,54,18.0
FluencyBank,218,55,9.0
FluencyBank,218,56,11.0
FluencyBank,218,57,15.0
FluencyBank,218,58,7.0
FluencyBank,218,59,13.0
FluencyBank,218,60,19.0
FluencyBank,218,61,2.0
FluencyBank,218,62,5.0
FluencyBank,218,63,8.0
FluencyBank,218,64,0.0
FluencyBank,218,65,6.0
FluencyBank,218,66,1.0
FluencyBank,218,67,10.0
FluencyBank,218,68,15.0
FluencyBank,218,69,7.0
FluencyBank,218,70,11.0
FluencyBank,218,71,0.0
FluencyBank,218,72,18.0
FluencyBank,218,73,9.0
FluencyBank,218,74,16.0
FluencyBank,218,75,11.0
FluencyBank,218,76,4.0
FluencyBank,218,77,17.0
FluencyBank,218,79,9.0
FluencyBank,218,80,4.0
FluencyBank,218,81,14.0
FluencyBank,218,82,0.0
FluencyBank,218,83,16.0
FluencyBank,218,84,18.0
FluencyBank,218,85,6.0
FluencyBank,218,86,18.0
FluencyBank,218,87,15.0
FluencyBank,219,0,15.0
FluencyBank,219,1,8.0
FluencyBank,219,2,16.0
FluencyBank,219,3,0.0
FluencyBank,219,4,8.0
FluencyBank,219,5,5.0
FluencyBank,219,6,12.0
FluencyBank,219,7,15.0
FluencyBank,219,8,9.0
FluencyBank,219,9,11.0
FluencyBank,219,10,7.0
FluencyBank,219,11,0.0
FluencyBank,219,12,19.0
FluencyBank,219,13,10.0
FluencyBank,219,14,13.0
FluencyBank,219,15,14.0
FluencyBank,219,16,18.0
FluencyBank,219,17,10.0
FluencyBank,219,18,8.0
FluencyBank,219,19,14.0
FluencyBank,219,20,10.0
FluencyBank,219,21,7.0
FluencyBank,219,22,4.0
FluencyBank,219,23,8.0
FluencyBank,219,24,4.0
FluencyBank,219,25,8.0
FluencyBank,219,26,13.0
FluencyBank,219,27,13.0
FluencyBank,219,28,4.0
FluencyBank,219,29,16.0
FluencyBank,219,30,15.0
FluencyBank,219,31,17.0
FluencyBank,219,32,6.0
FluencyBank,219,33,0.0
FluencyBank,219,34,9.0
FluencyBank,219,35,14.0
FluencyBank,219,36,2.0
FluencyBank,219,37,17.0
FluencyBank,219,38,18.0
FluencyBank,219,39,3.0
FluencyBank,219,40,8.0
FluencyBank,219,41,11.0
FluencyBank,219,42,8.0
FluencyBank,219,43,9.0
FluencyBank,219,44,13.0
FluencyBank,219,45,18.0
FluencyBank,219,46,5.0
FluencyBank,219,47,10.0
FluencyBank,219,48,8.0
FluencyBank,219,49,15.0
FluencyBank,219,50,11.0
FluencyBank,219,51,18.0
FluencyBank,219,52,8.0
FluencyBank,219,53,8.0
FluencyBank,219,54,10.0
FluencyBank,219,55,10.0
FluencyBank,219,56,17.0
FluencyBank,219,57,10.0
FluencyBank,219,58,11.0
FluencyBank,219,59,19.0
FluencyBank,219,60,18.0
FluencyBank,219,61,1.0
FluencyBank,219,62,3.0
FluencyBank,219,63,5.0
FluencyBank,219,64,2.0
FluencyBank,219,65,10.0
FluencyBank,219,66,16.0
FluencyBank,219,67,12.0
FluencyBank,219,68,18.0
FluencyBank,219,69,4.0
FluencyBank,219,70,14.0
FluencyBank,219,71,7.0
FluencyBank,219,72,0.0
FluencyBank,219,73,12.0
FluencyBank,219,74,18.0
FluencyBank,219,75,1.0
FluencyBank,219,76,11.0
FluencyBank,219,77,10.0
FluencyBank,219,78,4.0
FluencyBank,219,79,4.0
FluencyBank,219,80,10.0
FluencyBank,219,81,9.0
FluencyBank,219,82,10.0
FluencyBank,219,83,0.0
FluencyBank,219,84,0.0
FluencyBank,219,85,17.0
FluencyBank,219,86,3.0
FluencyBank,219,87,1.0
FluencyBank,219,88,14.0
FluencyBank,219,89,10.0
FluencyBank,219,90,13.0
FluencyBank,219,91,11.0
FluencyBank,219,92,3.0
FluencyBank,219,93,13.0
FluencyBank,219,94,8.0
FluencyBank,219,95,0.0
FluencyBank,219,96,9.0
FluencyBank,219,97,3.0
FluencyBank,219,98,14.0
FluencyBank,219,99,18.0
FluencyBank,219,100,15.0
FluencyBank,219,101,12.0
FluencyBank,219,102,15.0
FluencyBank,219,103,14.0
FluencyBank,219,104,15.0
FluencyBank,219,105,12.0
FluencyBank,219,106,8.0
FluencyBank,219,107,0.0
FluencyBank,219,108,1.0
FluencyBank,219,109,3.0
FluencyBank,219,110,3.0
FluencyBank,219,111,5.0
FluencyBank,219,112,12.0
FluencyBank,219,113,19.0
FluencyBank,219,114,18.0
FluencyBank,219,115,18.0
FluencyBank,219,116,14.0
FluencyBank,219,118,4.0
FluencyBank,219,119,18.0
FluencyBank,219,120,6.0
FluencyBank,219,121,3.0
FluencyBank,219,122,18.0
FluencyBank,219,123,0.0
FluencyBank,219,124,2.0
FluencyBank,219,125,0.0
FluencyBank,230,0,12.0
FluencyBank,230,1,3.0
FluencyBank,230,2,1.0
FluencyBank,230,3,6.0
FluencyBank,230,4,10.0
FluencyBank,230,5,3.0
FluencyBank,230,6,1.0
FluencyBank,230,7,12.0
FluencyBank,230,8,13.0
FluencyBank,230,9,16.0
FluencyBank,230,10,12.0
FluencyBank,230,11,4.0
FluencyBank,230,12,1.0
FluencyBank,230,13,1.0
FluencyBank,230,14,10.0
FluencyBank,230,15,3.0
FluencyBank,230,16,12.0
FluencyBank,230,17,15.0
FluencyBank,230,18,4.0
FluencyBank,230,19,18.0
FluencyBank,230,20,6.0
FluencyBank,230,21,5.0
FluencyBank,230,22,17.0
FluencyBank,230,23,15.0
FluencyBank,230,24,4.0
FluencyBank,230,27,6.0
FluencyBank,230,28,0.0
FluencyBank,230,29,18.0
FluencyBank,230,30,11.0
FluencyBank,230,31,13.0
FluencyBank,230,32,19.0
FluencyBank,230,33,5.0
FluencyBank,230,34,6.0
FluencyBank,230,35,19.0
FluencyBank,230,36,3.0
FluencyBank,230,37,17.0
FluencyBank,230,38,18.0
FluencyBank,230,39,7.0
FluencyBank,230,40,19.0
FluencyBank,230,41,6.0
FluencyBank,230,42,10.0
FluencyBank,230,43,1.0
FluencyBank,230,44,2.0
FluencyBank,230,45,11.0
FluencyBank,230,46,6.0
FluencyBank,230,47,11.0
FluencyBank,230,48,3.0
FluencyBank,230,49,2.0
FluencyBank,230,50,0.0
FluencyBank,230,51,14.0
FluencyBank,230,52,2.0
FluencyBank,230,53,1.0
FluencyBank,230,54,3.0
FluencyBank,230,55,6.0
FluencyBank,230,56,15.0
FluencyBank,230,57,17.0
FluencyBank,230,58,10.0
FluencyBank,230,59,0.0
FluencyBank,230,60,4.0
FluencyBank,230,61,13.0
FluencyBank,230,62,3.0
FluencyBank,230,63,13.0
FluencyBank,230,64,9.0
FluencyBank,230,65,12.0
FluencyBank,230,66,8.0
FluencyBank,230,67,8.0
FluencyBank,230,68,6.0
FluencyBank,230,69,9.0
FluencyBank,230,70,18.0
FluencyBank,230,71,14.0
FluencyBank,230,72,4.0
FluencyBank,230,73,15.0
FluencyBank,230,74,15.0
FluencyBank,230,75,7.0
FluencyBank,230,76,19.0
FluencyBank,230,77,18.0
FluencyBank,230,78,13.0
FluencyBank,230,79,5.0
FluencyBank,230,80,5.0
FluencyBank,230,81,16.0
FluencyBank,230,82,17.0
FluencyBank,230,83,0.0
FluencyBank,230,84,18.0
FluencyBank,230,85,3.0
FluencyBank,230,86,4.0
FluencyBank,230,87,8.0
FluencyBank,230,88,1.0
FluencyBank,230,89,13.0
FluencyBank,230,90,3.0
FluencyBank,230,91,8.0
FluencyBank,230,92,12.0
FluencyBank,230,93,12.0
FluencyBank,230,94,16.0
FluencyBank,230,95,8.0
FluencyBank,230,96,18.0
FluencyBank,230,97,12.0
FluencyBank,230,98,14.0
FluencyBank,230,99,3.0
FluencyBank,230,100,11.0
FluencyBank,230,101,3.0
FluencyBank,230,102,9.0
FluencyBank,230,103,12.0
FluencyBank,230,104,7.0
FluencyBank,230,105,3.0
FluencyBank,230,106,3.0
FluencyBank,230,107,1.0
FluencyBank,230,108,13.0
FluencyBank,230,109,19.0
FluencyBank,230,110,12.0
FluencyBank,230,111,11.0
FluencyBank,230,112,17.0
FluencyBank,230,113,15.0
FluencyBank,230,114,10.0
FluencyBank,230,115,15.0
FluencyBank,230,116,8.0
FluencyBank,230,117,8.0
FluencyBank,230,118,17.0
FluencyBank,230,119,16.0
FluencyBank,230,120,6.0
FluencyBank,230,121,7.0
FluencyBank,230,122,15.0
FluencyBank,230,123,11.0
FluencyBank,230,124,18.0
FluencyBank,230,125,18.0
FluencyBank,230,126,15.0
FluencyBank,230,127,8.0
FluencyBank,230,128,18.0
FluencyBank,230,129,8.0
FluencyBank,230,130,9.0
FluencyBank,230,131,9.0
FluencyBank,230,132,14.0
FluencyBank,230,133,2.0
FluencyBank,230,134,5.0
FluencyBank,230,135,15.0
FluencyBank,230,136,4.0
FluencyBank,230,137,16.0
FluencyBank,230,138,0.0
FluencyBank,230,139,0.0
FluencyBank,230,140,17.0
FluencyBank,230,141,11.0
FluencyBank,230,142,1.0
FluencyBank,230,143,17.0
FluencyBank,230,144,11.0
FluencyBank,230,145,1.0
FluencyBank,230,146,12.0
FluencyBank,230,147,14.0
FluencyBank,230,148,1.0
FluencyBank,230,149,14.0
FluencyBank,230,150,15.0
FluencyBank,230,151,0.0
FluencyBank,230,152,9.0
FluencyBank,230,153,15.0
FluencyBank,230,154,3.0
FluencyBank,230,155,14.0
FluencyBank,230,156,19.0
FluencyBank,230,157,8.0
FluencyBank,230,158,4.0
FluencyBank,230,159,7.0
FluencyBank,230,160,18.0
FluencyBank,230,161,17.0
FluencyBank,230,162,13.0
FluencyBank,230,163,15.0
FluencyBank,230,164,17.0
FluencyBank,230,165,1.0
FluencyBank,230,166,15.0
FluencyBank,230,167,7.0
FluencyBank,230,168,18.0
FluencyBank,230,169,6.0
FluencyBank,230,170,17.0
FluencyBank,230,171,13.0
FluencyBank,230,172,5.0
FluencyBank,230,173,2.0
FluencyBank,230,174,19.0
FluencyBank,230,175,3.0
FluencyBank,230,176,2.0
FluencyBank,230,177,0.0
FluencyBank,985,0,16.0
FluencyBank,985,1,8.0
FluencyBank,985,2,6.0
FluencyBank,985,3,3.0
FluencyBank,985,4,18.0
FluencyBank,985,5,3.0
FluencyBank,985,6,16.0
FluencyBank,985,7,1.0
FluencyBank,985,8,6.0
FluencyBank,985,9,8.0
FluencyBank,985,10,8.0
FluencyBank,985,11,3.0
FluencyBank,985,12,8.0
FluencyBank,985,13,18.0
FluencyBank,985,14,13.0
FluencyBank,985,15,13.0
FluencyBank,985,16,8.0
FluencyBank,985,17,0.0
FluencyBank,985,18,14.0
FluencyBank,985,19,19.0
FluencyBank,985,20,4.0
FluencyBank,985,21,2.0
FluencyBank,985,22,8.0
FluencyBank,985,23,10.0
FluencyBank,985,24,18.0
FluencyBank,985,25,8.0
FluencyBank,985,26,13.0
FluencyBank,985,27,16.0
FluencyBank,985,28,11.0
FluencyBank,985,29,6.0
FluencyBank,985,30,14.0
FluencyBank,985,31,17.0
FluencyBank,985,32,4.0
FluencyBank,985,33,15.0
FluencyBank,985,34,10.0
FluencyBank,985,35,17.0
FluencyBank,985,36,6.0
FluencyBank,985,37,13.0
FluencyBank,985,38,0.0
FluencyBank,985,39,6.0
FluencyBank,985,40,13.0
FluencyBank,985,41,7.0
FluencyBank,985,42,14.0
FluencyBank,985,43,16.0
FluencyBank,985,44,2.0
FluencyBank,985,45,4.0
FluencyBank,985,46,8.0
FluencyBank,985,47,5.0
FluencyBank,985,48,8.0
FluencyBank,985,49,16.0
FluencyBank,985,50,9.0
FluencyBank,985,51,15.0
FluencyBank,985,52,11.0
FluencyBank,985,53,0.0
FluencyBank,985,54,14.0
FluencyBank,985,55,6.0
FluencyBank,985,56,10.0
FluencyBank,985,57,17.0
FluencyBank,985,58,8.0
FluencyBank,985,59,9.0
FluencyBank,985,60,10.0
FluencyBank,985,61,1.0
FluencyBank,985,62,4.0
FluencyBank,985,63,7.0
FluencyBank,985,64,13.0
FluencyBank,985,65,4.0
FluencyBank,985,66,10.0
FluencyBank,985,67,10.0
FluencyBank,985,68,16.0
FluencyBank,985,69,12.0
FluencyBank,985,70,10.0
FluencyBank,985,71,11.0
FluencyBank,985,72,7.0
FluencyBank,985,73,3.0
FluencyBank,985,74,1.0
FluencyBank,985,75,10.0
FluencyBank,985,76,5.0
FluencyBank,985,77,15.0
FluencyBank,985,78,3.0
FluencyBank,985,79,11.0
FluencyBank,985,80,10.0
FluencyBank,985,81,9.0
FluencyBank,985,82,2.0
FluencyBank,985,83,9.0
FluencyBank,985,84,0.0
FluencyBank,985,85,14.0
FluencyBank,985,86,3.0
FluencyBank,985,87,15.0
FluencyBank,985,88,5.0
FluencyBank,985,89,13.0
FluencyBank,985,90,3.0
FluencyBank,985,91,6.0
FluencyBank,985,92,0.0
FluencyBank,985,93,7.0
FluencyBank,985,94,1.0
FluencyBank,985,95,7.0
FluencyBank,985,96,15.0
FluencyBank,985,97,9.0
FluencyBank,985,98,17.0
FluencyBank,985,99,16.0
FluencyBank,985,100,12.0
FluencyBank,985,101,15.0
FluencyBank,985,102,14.0
FluencyBank,985,103,10.0
FluencyBank,985,104,4.0
FluencyBank,985,105,19.0
FluencyBank,985,106,7.0
FluencyBank,985,107,11.0
FluencyBank,985,108,3.0
FluencyBank,985,109,4.0
FluencyBank,985,110,5.0
FluencyBank,985,111,15.0
FluencyBank,985,112,14.0
FluencyBank,985,113,11.0
FluencyBank,985,114,15.0
FluencyBank,985,115,16.0
FluencyBank,985,116,11.0
FluencyBank,985,117,6.0
FluencyBank,985,118,4.0
FluencyBank,985,119,12.0
FluencyBank,985,120,17.0
FluencyBank,985,121,0.0
FluencyBank,985,122,14.0
FluencyBank,985,123,1.0
FluencyBank,985,124,17.0
FluencyBank,985,125,11.0
FluencyBank,985,126,7.0
FluencyBank,985,127,16.0
FluencyBank,985,128,12.0
FluencyBank,985,129,12.0
FluencyBank,985,130,3.0
FluencyBank,985,131,16.0
FluencyBank,985,132,16.0
FluencyBank,985,133,16.0
FluencyBank,985,134,14.0
FluencyBank,985,135,18.0
FluencyBank,985,136,1.0
FluencyBank,985,137,11.0
FluencyBank,985,138,3.0
FluencyBank,985,139,3.0
FluencyBank,985,140,1.0
FluencyBank,985,141,8.0
FluencyBank,985,142,15.0
FluencyBank,985,143,18.0
FluencyBank,985,144,18.0
FluencyBank,985,145,9.0
FluencyBank,985,146,6.0
FluencyBank,985,147,19.0
FluencyBank,985,148,10.0
FluencyBank,985,149,18.0
FluencyBank,985,150,2.0
FluencyBank,985,151,5.0
FluencyBank,985,152,6.0
FluencyBank,985,153,10.0
FluencyBank,985,154,11.0
FluencyBank,985,155,6.0
FluencyBank,985,156,9.0
FluencyBank,985,157,7.0
FluencyBank,985,158,19.0
FluencyBank,985,159,5.0
FluencyBank,985,160,18.0
FluencyBank,985,161,10.0
FluencyBank,985,162,18.0
FluencyBank,985,163,2.0
FluencyBank,985,164,14.0
FluencyBank,985,165,13.0
FluencyBank,985,166,5.0
FluencyBank,985,167,7.0
FluencyBank,985,168,0.0
FluencyBank,985,169,15.0
FluencyBank,985,170,11.0
FluencyBank,985,171,1.0
FluencyBank,985,172,12.0
FluencyBank,985,173,9.0
FluencyBank,985,174,10.0
FluencyBank,985,175,16.0
FluencyBank,985,176,10.0
FluencyBank,985,177,3.0
FluencyBank,985,178,18.0
FluencyBank,985,179,0.0
FluencyBank,985,180,7.0
FluencyBank,985,181,19.0
FluencyBank,985,182,0.0
FluencyBank,985,183,16.0
FluencyBank,985,184,13.0
FluencyBank,985,185,4.0
FluencyBank,985,186,12.0
FluencyBank,985,187,7.0
FluencyBank,985,188,1.0
FluencyBank,985,189,12.0
FluencyBank,985,190,17.0
FluencyBank,985,191,11.0
FluencyBank,985,192,14.0
FluencyBank,985,193,12.0
FluencyBank,985,194,18.0
FluencyBank,985,195,14.0
